Search Keyword,Loads,CTR
adidas,54149.0,23.71
image search,47402.0,11.21
nike,39734.0,23.26
asics,26638.0,21.49
iphone 17,17553.0,7.15
rokok,17052.0,20.0
hypermart,13512.0,16.84
farmers market,10969.0,11.19
vape,10420.0,12.62
alfamart,9457.0,18.18
onitsuka tiger,8093.0,14.17
rokok 1 slop,7814.0,24.55
wings,7479.0,23.89
iphone xr,7141.0,22.41
liquid,7140.0,18.1
wardah,7006.0,24.64
hush puppies,6625.0,20.86
eiger,6568.0,24.76
rokok elektrik vape,6321.0,21.78
uniqlo,6194.0,15.71
flazz,5989.0,24.28
pods vape,5937.0,24.63
implora,5765.0,22.06
liquid pod,5272.0,20.14
rokok hs,5250.0,23.31
foom,5191.0,24.77
asics gel kayano 31,5081.0,22.38
under armour,4647.0,23.93
iphone 17 pro max,4553.0,9.09
tiptop online official store,4544.0,17.56
h&m,4344.0,16.07
nutrilon royal 3,4077.0,24.97
tiptop,3984.0,9.81
pesan tiket pesawat,3792.0,13.98
butik emas antam official store,3648.0,24.56
stanley,3465.0,11.72
baju,3411.0,20.32
blibli,3376.0,4.0
liquid vape,3342.0,15.29
onitsuka,3304.0,15.77
iphone 17 pro,3276.0,5.92
natur,3146.0,22.7
iphone xr ibox,3110.0,21.06
salsa,3102.0,16.15
farmers market official store,3057.0,10.3
polytron,2982.0,23.41
on,2867.0,24.28
birkenstock,2813.0,24.64
pods,2774.0,18.75
careso,2736.0,24.67
farmers,2712.0,9.77
goojodoq,2708.0,13.48
decathlon,2622.0,15.1
sony,2563.0,23.18
rokok sampoerna mild,2512.0,21.06
rokok online,2507.0,13.56
hotel,2484.0,9.66
azko,2483.0,14.62
butik emas antam flagship store,2468.0,24.47
marshwillow,2430.0,11.81
miniso,2400.0,18.88
iqos,2369.0,23.05
tip top,2242.0,4.24
celana,2226.0,20.4
iphone xr second,2151.0,16.23
pulsa,2122.0,17.11
nike official store,2040.0,24.95
xiaomi 17 pro,1966.0,13.89
rokok surya 16,1963.0,15.13
beautyspot,1948.0,8.88
mills,1932.0,20.81
levis,1918.0,23.2
blibli - apple authorized reseller flagship store,1872.0,16.08
ranch market,1854.0,6.36
coros,1850.0,22.16
dekoruma,1839.0,22.24
iswhite,1815.0,21.98
specs,1810.0,19.12
hasan mart,1733.0,21.29
pocari,1729.0,15.56
vapor,1722.0,15.74
ripcurl,1716.0,23.48
microwave sharp,1709.0,23.0
hnm,1702.0,5.52
poppers,1685.0,2.79
skingame,1661.0,14.39
hp murah,1661.0,5.3
buku,1630.0,18.59
tembakau,1616.0,17.45
rokok murah 1 slop,1612.0,21.4
informa,1602.0,24.78
xiaomi 17 pro max,1598.0,6.07
cerutu,1596.0,24.12
tiket,1591.0,5.59
rokok elektrik,1582.0,16.18
laneige,1577.0,24.03
loreal,1573.0,24.16
xiaomi 10a official,1551.0,0.26
watsons official store,1536.0,5.66
fresh track,1516.0,9.96
hypermart official store,1515.0,5.02
the executive,1505.0,11.36
langgan fbb,1503.0,24.15
xiaomi store official store,1494.0,21.69
guess,1494.0,16.73
jacquelle,1485.0,22.15
hp second,1456.0,24.59
esse,1456.0,24.45
aio,1450.0,22.97
erafone,1423.0,23.61
elvicto,1415.0,18.16
iphone 12 second,1395.0,23.3
roko,1386.0,15.22
kiip,1373.0,22.14
hp iphone 17 pro max,1364.0,11.51
rokok smith,1331.0,17.43
adidas flagship store,1305.0,10.04
tip top official,1271.0,3.38
farmers market flagship store,1237.0,8.33
cialis,1234.0,24.64
watsons,1219.0,18.54
roblox,1206.0,17.41
farmer,1204.0,3.65
misoprostol 200 mg,1195.0,24.18
kursi,1184.0,22.38
guardian official store,1153.0,16.13
manchester,1145.0,17.73
png,1137.0,1.32
oris,1132.0,10.25
gramedia,1121.0,14.45
marks and spencer,1118.0,11.63
sunmi,1112.0,2.61
iphone xs,1105.0,18.82
honda cuv e,1104.0,24.73
lost vape ursa nano pod,1095.0,16.71
oh some,1093.0,10.52
adidas  official store,1086.0,18.23
igx,1084.0,24.26
az.ko,1078.0,20.04
canon,1061.0,19.6
marlboro,1061.0,22.05
flazz flagship store,1058.0,12.85
tiket kereta api stasiun,1053.0,2.56
columbia,1050.0,15.43
robot,1048.0,14.69
staccato,1046.0,21.99
vans indonesia official store,1042.0,18.71
coil vape,1040.0,21.92
tembakau kiloan,1037.0,21.79
zara official store,1036.0,21.33
sepatu onitsuka tiger,1035.0,23.86
910,1022.0,24.85
raket,1019.0,23.36
iphone x,1016.0,17.52
rokok surya 12,1016.0,18.9
minyak kelapa,1006.0,23.96
flagship store,1006.0,11.53
kipling,999.0,12.81
nike flagship store,994.0,10.16
xiaomi 17,992.0,11.69
iphone xs max,978.0,21.68
clarks,976.0,19.57
mothercare,969.0,24.66
cartridge,964.0,6.74
iphone11,962.0,22.45
superindo,958.0,14.82
telering flagship store,955.0,6.91
spigen,954.0,23.27
pedro,953.0,21.41
asic,947.0,18.8
charles and keith,931.0,7.84
lining,917.0,21.92
lululemon,909.0,15.73
wrangler,907.0,13.12
oppo sbs,907.0,5.07
cerave,902.0,24.72
ria miranda,897.0,20.4
npure,894.0,24.16
zara,893.0,11.2
robux,890.0,21.12
tommy hilfiger,889.0,16.42
oppo brand store sbs,882.0,8.96
iphone 17 air,862.0,15.66
ikea,859.0,16.41
airpods pro gen 3,846.0,24.0
asics official store,842.0,20.67
obat misoprostol 200 mg,827.0,17.65
mac,825.0,23.52
macbook pro m1,824.0,21.24
umkm,823.0,11.79
sampoerna,823.0,13.73
ranch,822.0,4.14
bro n sis,818.0,9.78
vod,814.0,13.27
asics flagship store,812.0,11.33
hoops indonesia,809.0,23.86
pinjaman saldo dana,801.0,10.74
vave rokok elektrik,791.0,13.15
oppo brand store sbs flagship store,780.0,11.15
iqos terea,777.0,19.43
sneakers dept official store,777.0,24.07
run,775.0,12.0
dekarrel popcorn,774.0,24.16
official store,773.0,2.98
realfood,765.0,23.14
decathlon official,758.0,5.8
hello,749.0,16.69
matahari department store,746.0,15.01
ip xr,745.0,19.73
vans indonesia flagship store,745.0,13.56
bligold,745.0,23.09
mac mini,744.0,15.86
this is april,740.0,19.86
rokok vape,740.0,16.62
rokok-elektrik-vape,737.0,12.89
everbest,730.0,24.25
rosca,729.0,0.82
angker,726.0,11.57
guardian,725.0,17.66
pixy,721.0,24.55
geoff max,719.0,20.45
pinjaman uang tunai,712.0,9.97
tembakau linting,709.0,21.72
mac mini m4,706.0,14.02
terea,705.0,21.42
gift,704.0,4.97
spotec,702.0,21.37
honda cuv,701.0,8.7
gudang garam,699.0,20.74
catridge,698.0,9.17
rokok mild 1 slop,693.0,22.37
blibli tiket pesawat,693.0,3.61
magnum max,683.0,24.01
robux,672.0,20.09
redmi turbo 4 pro,669.0,22.42
tukar tambah,667.0,12.29
djarum,667.0,21.74
blibli store,664.0,9.19
astec,663.0,17.65
sony xperia,660.0,10.15
serba 14,659.0,22.61
smith,658.0,5.62
huwawei,657.0,24.66
footlocker,657.0,1.67
mayora,657.0,15.68
bca,657.0,15.37
rokok blitz,657.0,19.79
rokok marlboro merah,655.0,24.43
kedaimart,655.0,21.68
oxvan,651.0,1.08
flagship,650.0,11.38
hijack sandal,650.0,14.92
big bad wolf,649.0,9.55
magsafe,638.0,18.5
beauty spot,631.0,5.23
hypermart flagship store,626.0,11.66
bath and body works,624.0,24.84
assics,623.0,18.3
deerma dx700 official,620.0,0.81
animate,620.0,11.77
rokok aroma bold,617.0,24.96
phone 14 pro,612.0,22.39
oppo indonesia official store,607.0,24.38
cave,605.0,12.4
1 slop,604.0,11.42
oppo a57 official,603.0,0.83
surya 12,597.0,19.26
onitsuka tiger mexico 66,596.0,18.79
kick avenue,594.0,19.36
coil,594.0,12.96
softcom flagship store,593.0,3.04
pod oxva xlim go,592.0,23.31
arkais,590.0,10.68
class mild,589.0,23.43
guess bag,588.0,22.45
pixel,586.0,24.57
project 1945,585.0,24.79
vape online,581.0,19.45
softcom,574.0,1.92
airpods pro 3,571.0,13.13
blibli store flagship store,565.0,17.7
iphone se,562.0,24.02
vave,562.0,18.51
camel,556.0,20.68
vivaria,552.0,3.99
mop,552.0,15.04
liquid vape 60 ml,551.0,10.89
kiip official,551.0,23.59
patagonia,550.0,10.91
fitflop,549.0,9.65
megah sport,549.0,21.68
telkomsel,547.0,23.58
nappa milano,546.0,23.44
kalibre,544.0,20.59
galeri 24 by pegadaian,541.0,20.33
innisfree,539.0,19.29
obat,538.0,22.86
gestun,537.0,12.29
poppers jacked,537.0,21.6
benang gelasan layangan,535.0,17.76
duta buah,534.0,14.61
ipad second,532.0,24.44
iphone 8,531.0,18.46
brizzi,531.0,14.31
rokok on bold,530.0,23.96
rokok hummer,530.0,18.49
riklona 2 mg,526.0,19.2
beraa,526.0,22.62
top up roblox,524.0,19.27
sbs,523.0,1.15
telering,521.0,8.83
modena,519.0,18.69
jete,512.0,21.09
beo-60064,511.0,12.92
p&g,510.0,12.16
rokok la,510.0,17.65
gratis pengguna baru,507.0,13.21
bagsmart,504.0,5.36
obat penenang calmlet alprazolam,504.0,22.62
cytotec misoprostol,503.0,0.99
samsung flagship store,501.0,17.37
cardinal,500.0,22.2
rokok elektrik vape murah,499.0,13.83
rokok manchester blue,498.0,19.88
misoprostol cytotec,496.0,1.01
jabra,494.0,24.09
savoria,493.0,22.31
emas 22 karat 1 gram,486.0,18.31
eraphone,483.0,21.74
bostanten,483.0,20.91
fiesta,482.0,24.69
game,481.0,11.02
rokok hs filter,479.0,18.58
ortus,478.0,22.18
hp bekas,474.0,20.68
magnum,472.0,23.52
russell hobbs,472.0,21.82
newbalance,472.0,21.4
sharp aquos sense 9,471.0,18.05
goapotik,470.0,15.96
butik emas antam,470.0,20.0
tozo,469.0,16.42
la ice,469.0,22.17
butik antam,467.0,15.63
hyfresh,466.0,6.44
ecinos,465.0,11.61
kabel,464.0,22.84
kidz station,459.0,16.78
merche,459.0,9.37
berad,457.0,17.94
xiaomi official store,456.0,22.59
agres,455.0,18.24
fresh,454.0,16.52
google play,453.0,11.48
bbw,453.0,5.08
nothing phone,451.0,12.42
fantech,450.0,20.89
pandora,450.0,13.11
rokok surya,449.0,22.49
rtx,449.0,17.59
colorbox official,448.0,4.69
iphone12,447.0,23.04
denim,445.0,19.78
no void minds,445.0,9.89
ranch market official store,443.0,8.58
trade in,442.0,7.92
lotto,441.0,22.45
surya,441.0,14.97
nestle,440.0,18.64
laptop murah,439.0,12.07
velixir,438.0,17.81
voila,437.0,5.03
indofood,435.0,22.53
nevada,435.0,14.94
elizabeth,432.0,24.54
gosh,431.0,16.47
rokok ori,431.0,11.37
rexus,431.0,17.4
arei,431.0,18.79
mikro global,431.0,19.72
matchwatch,428.0,13.32
vivo x200 pro mini,428.0,24.3
rokok sampoerna,428.0,17.29
et cetera,427.0,1.64
matahari,427.0,6.32
lato,426.0,17.37
samsung official,424.0,23.35
electrolux,421.0,23.52
screamous,421.0,21.85
rebook,418.0,21.29
camel ungu,414.0,21.5
joyko,414.0,17.87
blackberry,413.0,7.02
rokok gudang garam surya 12 1 slop,411.0,21.65
pvn,405.0,19.01
iphone 10,404.0,20.3
pinjaman uang online,404.0,11.63
rokok ilegal murah,402.0,24.38
arkais official store,401.0,17.71
sneakers dept,401.0,15.46
c&f,401.0,7.23
vep,399.0,14.29
xiaomi mi 11 ultra,399.0,24.31
abc,397.0,19.14
redmi note 15 pro,396.0,22.22
sepatu sandal,395.0,23.54
matras,392.0,19.39
flazz official store,391.0,18.93
ban,390.0,19.23
joybasic,389.0,9.0
calvin klein underwear,389.0,6.43
tira,388.0,11.6
enji,387.0,20.67
mild,385.0,22.6
iphone 8 plus,384.0,16.93
kidzstation,383.0,20.89
alfamidi,383.0,8.36
satisfy running,383.0,10.97
samsunh,382.0,17.8
terrel,382.0,22.51
rokok-hs,382.0,14.92
delfi,381.0,19.42
17,380.0,15.79
ranch market flagship store,380.0,6.84
sociolla,379.0,21.9
xiaomi store flagship store,377.0,19.63
atelier,376.0,23.4
hartono,376.0,0.27
orion 2,376.0,21.81
farmer market,376.0,6.12
oppo brand store sbs official store,374.0,6.15
tozo aerosound 3,373.0,24.4
tira smart family home & living official store,371.0,12.94
rokok la bold,371.0,24.8
from this island,371.0,22.1
indihome,371.0,1.35
thanksinsomnia,369.0,13.28
ps store,369.0,1.63
motor honda crf 150,368.0,24.73
hoops,366.0,15.57
anello,365.0,7.12
pira,365.0,14.52
human greatness,365.0,5.48
daniel wellington,364.0,21.43
807 garage,362.0,1.66
bonia,362.0,23.76
nike swoosh,362.0,18.51
cat,361.0,14.68
ovo,361.0,18.28
lee cooper,361.0,10.8
blibli mart,361.0,14.68
google pixel 10,360.0,5.56
mandalika,359.0,3.62
apotik,358.0,21.51
the body shop,358.0,21.51
virtual run,358.0,12.01
goto,358.0,13.13
cialis tadalafil,356.0,14.33
laica,356.0,24.16
hammersonic,356.0,0.0
gramedia official store,354.0,18.93
steam,352.0,8.24
tempo,352.0,3.98
marks and spencer official,351.0,5.13
iphone 7,351.0,13.68
olike,349.0,16.33
nutrimart,346.0,20.23
second,345.0,13.91
atlas,343.0,6.12
pesan-tiket-pesawat,343.0,15.16
pesawat,343.0,6.12
wha,342.0,11.4
era2000,341.0,2.93
perak murni 1 kg,339.0,19.47
carvil,339.0,20.94
samsung a7,338.0,17.16
kode voucher google play,338.0,20.12
mpl,337.0,7.42
on flagship store,337.0,19.58
kiehls,336.0,17.56
mango,336.0,10.71
pull and bear,335.0,9.25
lion star,335.0,24.78
taman safari,335.0,14.63
tembakau 1 kg,334.0,21.86
disney,333.0,16.52
google,332.0,5.42
rokok country,331.0,24.47
vitara,331.0,2.11
go apotik,331.0,7.55
obat misoprostol 200 mcg,330.0,20.0
macbeth,330.0,5.15
nacl,329.0,17.93
air raksa 1 kg,329.0,10.94
merlopam 2 mg lorazepam,328.0,20.43
velg,327.0,13.46
audio technica,327.0,24.46
evo,327.0,11.62
la bold 20,327.0,15.6
xiaomi store  official store,326.0,16.26
cuv e,326.0,10.43
on cloud tennis,325.0,14.15
tiket konser,325.0,7.69
tapcash,324.0,22.84
rockport,323.0,5.26
champion,323.0,24.46
minecraft,323.0,12.69
iphone17,323.0,6.5
maspion,322.0,16.46
rokok-oris,322.0,22.36
oneplus,322.0,9.63
hipermart,320.0,13.44
sport,320.0,22.81
columbia jacket,320.0,14.69
fladeo,319.0,16.93
bliblimart (bandung) official store,318.0,22.33
kappa,316.0,23.42
tiptop online flagship store,316.0,11.71
philip,315.0,19.37
iphone 1,315.0,22.22
jikalaku,315.0,13.65
bosch,315.0,11.75
satisfy,312.0,1.28
16,310.0,14.84
gelasan,310.0,2.9
bebek,310.0,13.23
adidas oasis,308.0,19.16
hydro,307.0,9.45
pln,307.0,1.63
samsung s26 ultra,307.0,5.21
vape rokok elektrik,307.0,10.42
paloma,306.0,13.73
mi,305.0,10.16
blackpink,303.0,9.9
sepatu onitsuka,303.0,19.47
sneakersdept,298.0,22.15
the executive pria,298.0,24.16
brand no brand,298.0,2.01
parfum c4,298.0,18.12
listrik,297.0,2.69
rokok sampoerna avolution,297.0,22.56
dayamega pratama official store,296.0,1.01
tas kipling,295.0,15.93
google pixel 8 pro,295.0,8.14
v60,295.0,24.75
pape,293.0,4.78
kalung emas 1 gram,293.0,24.91
canva,293.0,24.23
dji o4,293.0,22.53
honor magic v3,292.0,2.4
honor 200 pro,292.0,4.11
bad box board game,292.0,11.3
wrangler official,292.0,13.01
rokok filter murah 1 slop,292.0,18.84
ninja,291.0,22.34
blp,291.0,21.65
la ice purple,291.0,20.96
tas merche,291.0,11.68
payday,291.0,3.78
lenovo official store,289.0,23.88
hooligans,288.0,14.93
blibli official store iphone,288.0,11.81
shiseido,288.0,14.58
krisbow,287.0,18.12
samsung a10,287.0,22.3
sephora,287.0,8.01
tara phone,286.0,16.43
hp iphone second,286.0,22.73
cod,286.0,24.48
telering official store,285.0,18.95
ban bridgestone,285.0,19.65
iphone 15pro,285.0,18.95
braxidin,285.0,17.19
rapatech,285.0,15.79
pads tape,284.0,3.52
preloved,284.0,22.89
doss,283.0,13.07
sarah the label store flagship store,283.0,0.35
iphone 7 plus,283.0,20.49
ipad air 7,282.0,2.48
addidas,282.0,18.79
kamar gadget,282.0,1.42
jack daniel,281.0,22.06
rokok forte,281.0,24.91
anain,281.0,13.17
beauty haul,280.0,16.79
gabino,279.0,18.64
shimano,279.0,17.56
microsoft,279.0,20.43
biodef,277.0,24.19
centaurus aio b80 by lost vape,277.0,23.47
iphone 11 inter,277.0,22.74
galeri 24 by pegadaian official store,276.0,11.59
lancome,276.0,18.84
hs,275.0,14.91
sony xperia 1,275.0,8.73
h & m,275.0,22.18
victor,275.0,24.36
rush,275.0,13.09
lcd,274.0,11.31
max fashion,274.0,3.65
zalora,274.0,5.11
magnum max 20,274.0,19.71
vivan,273.0,19.41
english first,272.0,23.53
knalpot,272.0,15.81
indodana,272.0,2.21
kedaimart official store,272.0,15.44
xlim,271.0,18.45
centella,270.0,22.22
pod vape oxva xlim go,269.0,23.05
rcb,268.0,21.64
rokok sampoerna mild 16,268.0,20.15
madame gie,268.0,17.91
rokok surya 16 1,267.0,5.24
senikersku,267.0,9.74
lucky strike,266.0,23.31
mito,266.0,14.29
heka,265.0,12.45
apollo gadget store,264.0,14.39
sertraline 50 mg,264.0,16.29
urat madu,264.0,19.32
ozempic,263.0,2.66
rebel,262.0,1.91
korek,262.0,23.28
samsung a57,262.0,3.82
stiker,261.0,13.79
3 second,261.0,18.77
osella,260.0,15.77
pose,260.0,1.92
frank & co,258.0,22.87
tnw,257.0,22.96
alkohol,257.0,21.01
adidas lifestyle,257.0,14.79
handbag,256.0,18.75
winn click,256.0,19.53
geboy,255.0,10.98
rohto,255.0,17.65
makita,255.0,23.92
omega,254.0,21.26
token listrik,254.0,10.63
adidaa,253.0,8.7
earphone apple,253.0,22.53
restu lamongan,253.0,9.88
marshwillow official store,253.0,24.51
e wallet,253.0,8.7
jarum coklat,252.0,12.3
manzone,251.0,24.3
kereta,251.0,3.19
bambino,251.0,10.76
nature,250.0,13.6
food,250.0,14.4
redmagic 10 pro plus,250.0,12.0
tactical,250.0,21.6
fresh market,250.0,16.8
eraspace,249.0,23.69
vave-rokok-elektrik,249.0,15.26
teva,249.0,23.69
blibli instore,248.0,20.16
decalthon,248.0,14.52
bnb,248.0,18.95
betas,248.0,19.35
shock,248.0,9.68
bigbadwolf,247.0,12.15
whittaker,247.0,1.62
running dept,247.0,14.57
garuda,245.0,17.55
obat clobazam 10 mg,245.0,17.55
speeds,245.0,20.82
roughneck,245.0,15.92
liquit pod,244.0,22.54
trihexyphenidyl 2 mg,244.0,18.03
bagus,243.0,11.93
deus,243.0,20.16
samsung s26,243.0,5.35
periplus,243.0,9.88
pod vave,243.0,14.4
velixir parfum,242.0,22.31
serba,242.0,16.94
macbeth footwear,242.0,4.55
advance,242.0,18.18
kiprun,241.0,24.48
colombia,241.0,9.54
senapan angin murah,240.0,14.58
mercedes,240.0,14.17
cole haan,240.0,10.83
redmagic 10 pro,239.0,20.5
fashion,239.0,24.69
rokok perbungkus,239.0,22.18
suko,239.0,2.09
rokok esse change,238.0,24.37
bli,238.0,3.78
casing,237.0,12.66
cotton on,237.0,17.72
umbro,237.0,10.55
canva pro,236.0,17.37
baju kondangan wanita,236.0,20.76
bera,236.0,23.73
rokok 20 ribu,236.0,21.19
deals,236.0,0.85
clarins,236.0,19.07
arnold palmer,236.0,11.44
magazine,235.0,5.11
intikom,235.0,6.38
pull and bear original,234.0,9.83
amino,234.0,3.85
langgan mm,234.0,13.25
grinder,233.0,18.45
sinarmulia,233.0,6.44
15,233.0,5.15
nutrimart flagship store,233.0,3.0
kami,233.0,16.31
jawara predator,233.0,4.29
celana skena,232.0,20.26
mikro pasaraya,232.0,20.69
iphone 13 pro second,232.0,18.97
earphone iphone,232.0,19.83
rokok cerutu adipati,232.0,21.12
terea iqos,232.0,16.38
starting lane,232.0,13.36
trade_in,231.0,3.9
bxsea,231.0,12.12
pvra,231.0,5.63
merah,231.0,5.19
paket data,231.0,1.73
blackberry phone,230.0,7.39
mustika ratu,230.0,23.48
sony experia,230.0,13.04
pintu,229.0,11.79
mattel,229.0,11.35
jkl,229.0,16.16
ranchmarket,229.0,5.68
azithromycin 500 mg,228.0,13.16
pods-vape oxva,228.0,21.49
injeksi,228.0,13.16
foam,227.0,5.73
li ning,227.0,22.03
oppo a31 ram 8 gb,227.0,23.79
something,227.0,22.47
blibli fresh,226.0,2.21
herbalife,226.0,18.14
nacific,226.0,16.81
sa,226.0,1.33
motorola razr,225.0,5.78
adapter,225.0,17.78
gudang blibli,225.0,23.56
uniliver,225.0,20.44
filter,224.0,4.46
bonds,224.0,22.32
vivo x300,224.0,7.59
ballerbro,223.0,23.77
m200,223.0,9.42
liquid food,223.0,4.48
atalon,221.0,15.38
uklik mini,221.0,18.1
pacsafe,220.0,2.27
persib,220.0,22.27
rokok sampoerna mild 12,220.0,17.27
kartu kredit,220.0,2.27
hammer,220.0,1.82
sido muncul,220.0,23.18
simba,219.0,21.46
porto,219.0,23.74
bawang putih 1kg,219.0,23.74
bellamy,218.0,7.34
rokok online kretek,218.0,19.27
jakarta vaporizer,218.0,24.31
softcom official store,218.0,0.46
foot locker,218.0,1.38
bumilindo store official store,217.0,8.29
tagihan,217.0,0.92
pstore,217.0,3.23
gamepass roblox,217.0,19.82
dayamega pratama flagship store,217.0,3.69
underarmour,216.0,13.43
mac mini m4 pro,216.0,18.06
rokok surya 16 jawa,216.0,9.72
infinix note 40 pro 8 256,216.0,22.22
the executive women,216.0,14.35
hello official store,216.0,8.8
slingbag,215.0,23.26
hyfresh cikarang,215.0,14.88
official,215.0,2.33
wilio,215.0,10.7
hobby and games,215.0,4.19
ringke,214.0,20.09
puna,214.0,8.41
miso,214.0,10.28
iphone air,214.0,11.68
columbia official store,213.0,4.69
brompton,213.0,23.0
cotton ink,213.0,20.66
sandal pose,213.0,12.21
helical.id,213.0,10.8
bunga,213.0,11.74
hurley,213.0,10.8
tiket bus,213.0,3.76
uag,212.0,21.23
3ce,212.0,18.87
hijack,212.0,12.26
pot,212.0,20.75
hm,211.0,1.9
lunar,211.0,16.59
sukun 16,211.0,24.64
cartridge ursa nano pod by lost vape,211.0,16.11
promo remington,210.0,1.9
snickers,210.0,23.81
bali,210.0,18.1
royal,210.0,5.24
pads tape,210.0,2.38
package,209.0,2.39
oriflame,209.0,18.66
pood vape,208.0,14.42
vivaia,208.0,3.37
huawei flagship store,208.0,23.08
giias,208.0,1.44
minyak goreng sunco 2 liter promo,207.0,21.74
ipad air 4,207.0,9.18
s22 ultra,207.0,24.15
crocodile,207.0,21.26
zipper,207.0,5.31
likuid pod,207.0,20.77
bumilindo,206.0,6.31
sepatu payless,206.0,24.27
pave rokok elektrik,206.0,19.42
win click,205.0,22.93
beatrice clothing,205.0,20.98
vivo y12,205.0,22.44
coway,205.0,18.54
insurgent,205.0,20.49
rokok dubai,204.0,13.73
obat tramadol 1 box,204.0,12.75
fipper,204.0,2.45
poco f6 pro,203.0,16.26
wing,203.0,13.3
hadiah gratis,203.0,19.21
blu,203.0,0.49
bershka,202.0,15.35
rtx 4070,202.0,23.27
blibli gold,202.0,24.26
sertraline,202.0,15.35
onitsuka tiger mexico,202.0,15.84
led,201.0,24.88
rokok alfamart,201.0,18.91
oasis,201.0,16.42
oneplus 13,201.0,3.48
iphone 6,201.0,15.42
liquit vape,201.0,14.43
kereta api,201.0,7.96
magnum max 12,201.0,14.43
djarum 76,200.0,24.5
cooler,200.0,15.0
lg official store,200.0,17.0
damakara,200.0,14.5
misoprostol-200-mg,199.0,18.09
xioami,199.0,18.59
obat misoprostol tukak lambung,199.0,19.6
ct,199.0,4.02
hummer,199.0,4.02
apisate,199.0,5.03
topps,198.0,14.65
mils,198.0,5.56
pbb,198.0,0.0
sponge,198.0,23.74
blitz,198.0,7.07
gea,197.0,15.23
apple watch ultra 3,197.0,13.2
albendazole,197.0,22.84
pood,197.0,12.18
sukun,196.0,24.49
cloud,196.0,22.45
azelaic acid,196.0,11.73
google pixel 7 pro,196.0,11.73
puma flagship store,196.0,15.31
boston,195.0,19.49
obat mersi prohiper 10 mg,195.0,19.49
caterpillar,195.0,14.87
voucher dana,194.0,19.59
samsung galaxy s9,194.0,23.2
vivi zubedi flagship store,194.0,24.74
wood,194.0,1.55
visval,194.0,20.1
optik melawai,194.0,17.01
torriden,193.0,24.87
lenovo legion y700,193.0,16.06
iphone 12 promax second,193.0,22.8
hush,193.0,16.58
rei,192.0,24.48
rokok gudang garam,192.0,23.96
aldo shoes,191.0,19.9
topi tennis,191.0,23.04
infinix smart 6,191.0,20.94
fiber,191.0,23.56
volt and fast,190.0,22.63
nutrifood,190.0,17.89
nars,190.0,17.89
clay,190.0,22.11
tas charles and keith,190.0,9.47
kaos hammer pria,189.0,14.81
b80,189.0,21.69
lantai,189.0,12.17
voucher token listrik,189.0,13.23
neras,189.0,14.81
tokopedia,189.0,3.7
hasanmart,188.0,12.23
pod oxva xlim pro 2,187.0,21.93
pompa,187.0,15.51
mobile legend,187.0,9.63
pulsar,187.0,21.39
samsung a5,187.0,18.72
pwd,187.0,3.21
adidas city series,186.0,22.58
sepatu onitsuka wanita,186.0,17.74
curry,186.0,14.52
807,186.0,1.08
indoguna,186.0,11.29
apotek mandjur,186.0,13.44
emas 23 karat,186.0,19.89
black,186.0,12.37
new balance authorized seller,186.0,15.05
hp seken murah,185.0,17.3
banjarmasin,185.0,15.68
hd4712,185.0,22.16
speed,185.0,10.81
zm zaskia mecca,185.0,15.14
hp iphone xr,185.0,17.3
rokok-online,185.0,13.51
cerutu djarum cigarillos,184.0,24.46
gantungan,184.0,22.83
sepatu qc,184.0,17.93
gratis,184.0,2.17
bellagio,184.0,9.24
msm,183.0,12.57
onemed,183.0,8.74
senapan angin pcp murah,183.0,16.39
one plus,183.0,12.57
lato bold,183.0,19.67
digitech mall,183.0,7.1
vivaia,183.0,1.09
bintang,182.0,7.69
bakmi gm,182.0,23.08
poppers 10 ml,182.0,6.59
isi ulang pulsa telkomsel,182.0,12.64
3m,182.0,15.38
top,182.0,14.29
andalan,182.0,17.03
xlim prefilled,181.0,24.86
alat bantu,181.0,20.99
ipl,181.0,23.2
gratis ongkir,180.0,13.89
smith merah,180.0,11.11
pave,180.0,8.33
bodyshop,180.0,17.22
13,180.0,3.89
uklik jawara predator,180.0,6.11
geulis,180.0,20.0
women,179.0,21.79
nod,179.0,15.64
porto x,179.0,9.5
obat tramadol,179.0,6.15
heylocal,178.0,17.98
roxy,178.0,4.49
hari hari,178.0,2.25
rokok win bold,178.0,15.73
homyped,178.0,16.29
steam wallet,177.0,21.47
iphone 11 pro second,177.0,11.3
ram,177.0,22.03
antbox,177.0,22.03
fresh track run,177.0,16.95
oppo brand store,177.0,0.56
seretide diskus 250,176.0,18.75
flash sale,176.0,8.52
olo,176.0,24.43
rokok online klik,176.0,11.36
jawara,176.0,13.64
civo meat jakarta barat,176.0,23.86
honda motor listrik,176.0,9.66
redmi turbo 4,176.0,22.73
rokok elektrik pod,176.0,13.07
vibe minuman,176.0,20.45
pengguna baru,176.0,5.68
century,175.0,5.14
digital,175.0,14.86
la ice mango,175.0,24.57
aksesoris motor,175.0,23.43
pod oxva xlim sq pro,175.0,22.86
maxxis,175.0,22.86
sariayu,174.0,23.56
sepatu on cloud tennis,174.0,16.67
espresso,174.0,12.64
onyx,174.0,4.6
redmi note 15 5 g,174.0,20.11
press play,173.0,23.7
iphone 13pro,173.0,22.54
bliblistore,173.0,12.14
swallow,173.0,24.86
gtx,173.0,13.87
ozempic,173.0,2.31
shopee,172.0,1.74
ktm,172.0,16.28
rokok neslite max 20,172.0,22.67
aso-70059,172.0,4.65
swarovski,172.0,18.6
morin,171.0,21.64
cekhas,171.0,2.34
tempered glass,171.0,15.79
heylocal.id,171.0,9.94
ryzen 7,171.0,14.04
mr diy,171.0,23.39
popers,171.0,0.0
blibli pocket,171.0,1.17
huawai official store,171.0,24.56
iphone14 pro,171.0,18.71
token listrik pln,171.0,1.75
atasan,171.0,24.56
mokka,171.0,16.37
pierre cardin,170.0,18.82
pdam,170.0,0.0
butik emas,170.0,24.71
lcd oppo,170.0,20.0
innisfree official store,169.0,17.75
ip 11 pro,169.0,23.67
rayvapor,169.0,10.06
vape xlim peo,169.0,23.67
top up dana,169.0,6.51
jual hp bekas,169.0,20.12
lcd vivo,168.0,14.29
pod murah,168.0,13.69
heaven scent,168.0,11.9
toko,168.0,8.93
esse double change 1 slop,168.0,20.24
mersi prohiper 10 mg,168.0,23.21
konser,167.0,2.99
rtx 3070,167.0,19.16
ultra jaya,167.0,19.16
romand,167.0,21.56
umkm bca,167.0,0.6
jd sport,167.0,22.75
psrivirtual,167.0,1.8
likuid vape,167.0,13.17
popper,166.0,1.2
xiaomi redmi note8,166.0,18.07
vape store,166.0,12.65
pocari sweat run indonesia,166.0,21.69
dechatlon,166.0,16.87
0 rupiah,166.0,2.41
burung,166.0,11.45
besanmag,166.0,3.01
english 1,166.0,5.42
otomotif,165.0,23.03
iphone case,165.0,24.85
dji mavic 4,165.0,21.82
octarine,165.0,1.21
kingkoil,165.0,22.42
sonix,165.0,0.61
unicharm,165.0,20.0
gdn,164.0,21.34
beras murah,164.0,12.8
lenovo legion y700 tablet,164.0,19.51
liquit,164.0,9.15
putra group,164.0,0.61
juva,164.0,17.68
samsung exclusive official store,164.0,15.24
m100,164.0,15.85
rokok smith merah,164.0,20.73
nuface,164.0,10.37
salon,163.0,3.68
bwras,163.0,17.79
xiaomi official,163.0,14.11
gopay,163.0,14.11
chip higgs domino,163.0,2.45
clearence sale,163.0,20.25
obat misoprostol,163.0,11.66
stein,163.0,19.63
tablet murah,163.0,8.59
vans anaheim,163.0,22.7
porter,163.0,18.4
ewalet,162.0,19.14
decoruma,162.0,24.07
dji official store,162.0,19.75
quiksilver  official store,161.0,23.6
karrimor,161.0,21.12
red magic 10 pro,161.0,12.42
politron,161.0,18.01
lq,161.0,2.48
obat albendazole 400,161.0,23.6
27mm wr,161.0,13.04
apple watch se 3,161.0,19.88
alfamidi terdekat,160.0,24.38
beras lahap wanita 5 kg,160.0,22.5
pro,160.0,5.0
cooper,160.0,6.25
la sportiva,160.0,21.25
polaroid,159.0,14.47
stacatto,159.0,24.53
honor magic,159.0,12.58
hitachi,159.0,11.95
xperia,159.0,7.55
converse authorized seller,159.0,10.69
sombong,159.0,7.55
kickers,159.0,18.24
rokok sergio,159.0,23.27
gozeal,159.0,17.61
antiplaque 180 gr,159.0,20.75
ketomed,159.0,13.84
tas merah,159.0,8.81
power,159.0,13.21
blibli flagship store,159.0,6.29
handphone murah,158.0,17.09
samsung a53 official,158.0,0.0
note book,158.0,24.68
rtx 2060,158.0,18.35
grand lucky,158.0,3.16
honda cengkareng official store,158.0,20.89
microsoft surface pro 12,158.0,4.43
kura kura,158.0,21.52
dream on,157.0,0.64
souvenir,157.0,24.84
electronic city,157.0,16.56
oppo a54s,157.0,24.2
b60,157.0,24.84
c4,157.0,5.1
supra,156.0,11.54
obat tramadol 50 mg,156.0,21.79
adida,156.0,12.18
copper,156.0,5.77
frisian,155.0,21.94
tramadol kapsul 50 mg,155.0,20.0
bir bintang botol,155.0,23.23
toilet,155.0,22.58
pcp murah,154.0,6.49
aero,154.0,9.74
kartu flash bca gen 2,154.0,22.08
porter yoshida,154.0,23.38
kredit hp bunga 0,154.0,14.29
vinyl,154.0,17.53
ipaf,154.0,23.38
kai,154.0,0.65
celana baggy,154.0,24.03
round,153.0,4.58
pregabalin,153.0,18.3
luxio,153.0,9.15
rokok murah 1 slop filter,153.0,15.69
sepatu pvn,153.0,20.26
bohe,153.0,1.31
koper lego,153.0,10.46
sepatu karet pria,153.0,22.88
alprazolam xanax 1 mg,153.0,18.95
loops,153.0,24.84
sumikko,153.0,2.61
gudangku,153.0,13.07
nubia red magic 10 pro,152.0,17.11
silikon,152.0,9.87
ipod,152.0,10.53
la,152.0,13.82
nike jdi brasilia,152.0,24.34
raja susu,152.0,24.34
trailtop,152.0,3.95
ducati,152.0,3.95
sepatu murah,152.0,19.08
rurik,151.0,16.56
iphone 15 pro max second,151.0,9.27
kienka,151.0,23.18
dandan,151.0,7.28
cd player,151.0,23.84
bodyshop official,151.0,16.56
aroma bold,151.0,22.52
treasure,151.0,3.97
tas hush puppies wanita,151.0,24.5
air soft gun,151.0,17.22
dobujack,151.0,19.21
atarax alprazolam tablet 1 mg,151.0,22.52
senikers,150.0,14.67
patrobas,150.0,22.67
generik misoprostol,150.0,17.33
saturdays,150.0,2.67
favo,150.0,9.33
76,150.0,8.67
16-55mm wr ii,150.0,10.0
zoom,150.0,23.33
minuman alkohol,149.0,0.0
inverter,149.0,19.46
mandalika parfum,149.0,3.36
benang jarum flagship store,149.0,9.4
taffware,149.0,14.09
onda,149.0,24.83
hp seken,149.0,14.77
erojan,149.0,14.77
iphone 12 pro second,149.0,20.13
tes,148.0,0.68
pyopp,148.0,2.03
lenovo legion y700,148.0,10.14
vivi,148.0,4.73
vood,148.0,2.7
bli bli,148.0,1.35
rokok-smith,148.0,15.54
uvu,148.0,1.35
surya pro merah,148.0,18.24
rokok camel purple ungu 16,148.0,20.27
obat cacing dewasa,148.0,19.59
laras slug,148.0,22.3
xr,147.0,24.49
foldway,147.0,2.04
rx 6600 xt,147.0,21.77
kartika sari,147.0,21.77
united,147.0,17.01
bike,147.0,11.56
lenovo-legion-y700-tablet,147.0,19.73
xiami,147.0,12.24
fc9330,147.0,14.97
singlet 12,147.0,2.04
vivo y16,146.0,21.23
samsung a33 official,146.0,0.68
lotus,146.0,23.97
outfit wanita,146.0,17.12
envio,146.0,19.18
flash,146.0,4.79
akun ff,146.0,4.11
holder,145.0,21.38
orion,145.0,2.07
doss official store,145.0,24.83
civago,145.0,1.38
cream,145.0,18.62
class mild 16,144.0,22.22
viltrox,144.0,19.44
token,144.0,3.47
misoprostol kaplet,144.0,15.28
xiaomi pad mini,144.0,9.72
we miss you,144.0,18.06
ring,144.0,18.75
adf,144.0,1.39
veep,144.0,4.17
gm bear,144.0,14.58
sepeda federal,143.0,8.39
sony xperia 5 iii,143.0,4.9
kipas angin blower,143.0,24.48
infinix gt10 pro,143.0,18.88
malang,143.0,21.68
united bike,143.0,23.78
viagra pfizer,143.0,0.0
psegameshop official store,143.0,17.48
foodhall,142.0,7.04
toybox,142.0,16.2
esr,142.0,19.72
cialis 80 mg,142.0,16.2
dust,142.0,22.54
strap,142.0,13.38
beras sump,142.0,5.63
minuman whisky,142.0,14.08
three second,142.0,14.08
panini card flagship store,142.0,23.24
popup,142.0,0.7
oxva xlim se,142.0,15.49
dr soap,142.0,23.94
toyspedia,141.0,4.96
grosir,141.0,17.02
bata official store,141.0,14.18
hint,141.0,22.7
huawei matepad mini,141.0,3.55
altra,141.0,3.55
robux,141.0,17.73
sozo,141.0,2.13
la bold 12,141.0,17.73
kuota,141.0,7.8
kartu,141.0,12.06
galeri 24 by pegadaian flagship store,141.0,23.4
elite,141.0,14.18
surya 12 satu slop,141.0,17.02
sony ericsson,141.0,15.6
deka wafer roll kaleng,141.0,0.0
baju gym,140.0,16.43
atmos,140.0,20.71
skintific  official store,140.0,24.29
cho cho semprong wijen,140.0,0.0
sepatu sendal,140.0,24.29
pakaian,140.0,24.29
queen bee,140.0,24.29
siiplah,140.0,2.14
ted baker,140.0,13.57
unipin,139.0,12.23
celana denim,139.0,23.74
keychron,139.0,24.46
google nest,139.0,24.46
busa filter rokok,139.0,24.46
isi 20 batang,139.0,7.19
jamay,139.0,0.72
liquid vapor,139.0,10.79
spion,138.0,14.49
obat alprazolam o 5 mg,138.0,19.57
kingkong,138.0,18.84
matchamu,138.0,24.64
zataru,138.0,7.25
braiding,138.0,19.57
isi saldo dana,138.0,2.9
english1,138.0,6.52
santap,138.0,6.52
vivo y12 s,138.0,21.74
dipsamol inhaler,137.0,14.6
samsu,137.0,10.95
vanz,137.0,22.63
casing iphone,137.0,18.25
sakura,137.0,6.57
obat penenang dumolid,137.0,23.36
moto,137.0,23.36
sepatu clarks wanita,137.0,24.09
e40,137.0,16.79
bellroy,137.0,1.46
berqs,137.0,18.25
ourdaylee,136.0,1.47
khong guan wafers chocolate kaleng,136.0,0.0
grocery,136.0,19.85
hulm,136.0,0.0
lee cooper official store,136.0,8.09
clio,136.0,20.59
tissue murah,136.0,16.91
tebus murah,135.0,14.81
joy basic,135.0,14.81
cilukba,135.0,1.48
arm,135.0,14.81
rokok elektrik vape relx,135.0,16.3
nvidia,135.0,14.81
clonazepam,135.0,9.63
infonix,135.0,22.22
bonte,135.0,22.96
dunlop,135.0,12.59
pulang,135.0,14.81
google pixel 9a,135.0,1.48
blibli.com,135.0,5.19
redmagic 8 s pro,134.0,23.13
malboro,134.0,17.16
melissa shoes flagship store,134.0,23.13
symbicort,134.0,17.16
supercalla,134.0,0.75
khong guan semprong wijen,134.0,0.0
xanax 1 mg,134.0,15.67
vans loafers,134.0,11.19
urban,134.0,23.88
sony xperia 5,134.0,8.96
iphone 5s,134.0,9.7
obat-misoprostol-200-mg,133.0,17.29
taiko,133.0,15.79
blitz 1 slop,133.0,23.31
aza,133.0,12.78
mio sporty,133.0,21.8
baju couple,133.0,24.81
hp samsung second murah,133.0,13.53
natasha,133.0,20.3
selang,133.0,19.55
torras,133.0,11.28
vivan official store,132.0,23.48
max,132.0,5.3
uang,132.0,13.64
sucralfate,132.0,20.45
beras 2kg,132.0,19.7
book 1,132.0,15.15
hp oppo reno pro12,132.0,24.24
camel 12 ungu,132.0,14.39
oxihom,132.0,18.18
minimalist,132.0,2.27
isi ulang rokok elektrik vape,131.0,10.69
cd,131.0,22.14
seretide diskus,131.0,20.61
internet,131.0,5.34
mall,131.0,4.58
micro global,131.0,13.74
esse change juicy,131.0,19.85
bekas,131.0,1.53
ataru,131.0,19.85
softgun,130.0,6.92
apisate diethylpropion,130.0,3.85
black lava,130.0,15.38
dbs,130.0,20.77
hey local,130.0,20.77
surface pro 12,130.0,1.54
infinix hot 30 pro,130.0,23.85
daging burung puyuh,130.0,20.0
iphone se 3,130.0,17.69
vans authentic skate,130.0,20.0
freshmart,130.0,9.23
kaliper,129.0,20.93
oraimo,129.0,20.93
14 pro max,129.0,15.5
mamasuka,129.0,15.5
cartridge pod vaporesso xros nano,129.0,23.26
social chic bandung,129.0,2.33
susu kaleng,129.0,17.83
beras sumi,129.0,10.85
rokok 1,129.0,10.08
xiaomi flip,128.0,2.34
pulsa telkomsel,128.0,10.94
infinix flagship store flagship store,128.0,22.66
sepatu fila,128.0,5.47
cuculemon,128.0,3.91
aeg,128.0,19.53
aroma,128.0,9.38
kobo,128.0,16.41
honda ev,128.0,0.0
prima,128.0,15.63
satria fu,128.0,17.97
arumi,127.0,3.94
kado,127.0,12.6
air raksa,127.0,3.94
formula,127.0,24.41
tisu murah,127.0,19.69
mitra 10,127.0,1.57
genio,127.0,16.54
paragon,127.0,11.81
ip 11 second,127.0,5.51
ebook,127.0,23.62
jaragjag,126.0,24.6
kepala charger iphone original,126.0,22.22
djarum super12 1 slop,126.0,24.6
seamakeup,126.0,21.43
xiao mi,126.0,11.9
tira smart family educational flagship store,126.0,22.22
dot,126.0,22.22
jaket grab,126.0,9.52
cartridge pod,126.0,12.7
amd,126.0,16.67
wearing klamby flagship store,126.0,23.81
pakuwon mall jogja,125.0,4.8
sony xperia 1 vi,125.0,4.0
redmi note 8,125.0,16.8
wd,125.0,20.8
up phone,125.0,15.2
mod vape full set,125.0,23.2
toko daging nusantara,125.0,20.0
hexymer 2 mg mersi,125.0,17.6
kenmaster,125.0,23.2
spc,125.0,23.2
nike compression,125.0,15.2
monster,125.0,16.0
blimart,125.0,14.4
hct 25 mg,124.0,17.74
case iphone 13 mini,124.0,21.77
smith hijau,124.0,4.84
oppo reno 8 official,124.0,0.81
tozo aerosound,124.0,20.16
promo bank,124.0,1.61
jbl flip 7,124.0,24.19
steamer philips,124.0,21.77
vines,124.0,3.23
helm murah,124.0,10.48
xr,124.0,12.1
muji,124.0,19.35
herbal,124.0,20.16
adidad,123.0,8.94
akrilik,123.0,21.95
asisc,123.0,17.07
ipad murah,123.0,14.63
supermarket,123.0,20.33
rokok marlboro filter black 12 per bungkus,123.0,22.76
urban n co,123.0,18.7
hasselblad,123.0,21.14
wallts,123.0,17.89
ciprofloxacin 500 mg,123.0,19.51
jbl phantom,123.0,24.39
brooklyn,123.0,6.5
seaweed,123.0,21.95
sepeda listrik murah,122.0,18.85
baju cewek,122.0,13.11
riklonae 2 mg,122.0,1.64
film,122.0,4.1
tas everbest,122.0,20.49
telkom,122.0,1.64
testing,122.0,4.1
tiktok,122.0,2.46
oppo a57 s,122.0,19.67
under armor,122.0,14.75
havainas,122.0,18.85
helical,122.0,12.3
telering - samsung flagship store,122.0,2.46
t8,122.0,4.92
beko,122.0,20.49
instax wide paper,122.0,22.13
cnc,122.0,4.92
blitz ungu,122.0,22.95
naruto,121.0,11.57
segar,121.0,23.97
notale,121.0,18.18
cross,121.0,4.13
english one,121.0,2.48
ipad mini 5,121.0,9.92
whittakers,121.0,14.05
dubai,121.0,3.31
baseball,121.0,22.31
rokok surya 16 1 slop,121.0,23.14
voucher top up dana,121.0,13.22
elektrolux,121.0,24.79
power supply,121.0,20.66
running dept official store,121.0,22.31
realme 5 pro,121.0,15.7
hp oppo a5 2020,121.0,24.79
tanah 200 meter,121.0,3.31
wings flagship store,120.0,24.17
sendang biru,120.0,15.0
sale,120.0,7.5
raffle,120.0,1.67
holland bakery,120.0,11.67
iphone 10 xr,120.0,20.0
rokok ardath,120.0,20.83
gymsack,120.0,23.33
obat haloperidol 5 mg,120.0,15.0
vinci,120.0,15.0
sepatu redwing,120.0,18.33
air-raksa-1-kg,120.0,6.67
essential,120.0,4.17
adidas london,120.0,5.0
thrifting,120.0,10.0
baju kondangan,120.0,19.17
rokok gudang garam filter 1 slop,119.0,18.49
dot bayi,119.0,21.01
hp samsung a75 5 g,119.0,9.24
huawei pura x,119.0,17.65
zypraz 1 mg,119.0,21.01
iphone 13 pro max second,119.0,24.37
mother care,119.0,12.61
disediakan blibli,119.0,10.08
waffle,118.0,15.25
apple iphone 8 plus 256 gb,118.0,6.78
smallrig,118.0,16.95
807garage,118.0,5.08
stradivarius,118.0,11.02
black mamba,118.0,6.78
phenytoin,118.0,24.58
oppo a51,118.0,19.49
rokok yang isi 20 batang,118.0,11.02
mossdoom official,117.0,0.85
xp pen,117.0,16.24
cangklong,117.0,15.38
magic mouse,117.0,2.56
la bold 16,117.0,17.09
essentials,117.0,17.09
adidas official,117.0,15.38
sculpt,117.0,19.66
dc official store,117.0,22.22
chelsea jersey,117.0,23.08
promo smiggle bottle,117.0,7.69
urat madu original,117.0,16.24
blibli store official store,117.0,4.27
lego minecraft,117.0,23.93
ecoco,117.0,17.09
it galeri,116.0,4.31
symbicort 160,116.0,19.83
rokok samsu 12,116.0,12.93
hp samsung bekas murah,116.0,18.97
win,116.0,6.9
pixel 9,116.0,16.38
macbook bekas,116.0,13.79
esse double,116.0,20.69
baju kemeja,116.0,18.1
super,116.0,9.48
wildshell,116.0,23.28
gloves,116.0,19.83
nitro,116.0,11.21
ipad 6,116.0,20.69
tas gosh,116.0,6.03
tempo surabaya,116.0,9.48
triset,116.0,22.41
kyo,115.0,15.65
pinjaman,115.0,2.61
barang elektronik,115.0,22.61
braxidine,115.0,0.87
casing hp,115.0,19.13
anugrah diapers,115.0,18.26
charles and keith official,115.0,5.22
honda forza 250,115.0,13.04
catridge pod,115.0,16.52
schecers,115.0,24.35
rp 0,115.0,2.61
sparepart motor,115.0,19.13
mini led,115.0,7.83
korek gas,115.0,19.13
tiket kapal,115.0,2.61
ipone 11,115.0,19.13
bligold flagship store,114.0,8.77
smart,114.0,18.42
yss,114.0,20.18
vgen,114.0,17.54
love bonito,114.0,6.14
baby safe,114.0,23.68
hd4812,114.0,20.18
yoona,114.0,14.91
tembakau kiloan pabrik,114.0,16.67
tas the north face,114.0,17.54
i phone 17,114.0,7.02
instax wide film,114.0,16.67
nine west,114.0,4.39
rba six,113.0,23.01
rabbani,113.0,18.58
rokok la light,113.0,13.27
gc1424,113.0,19.47
honor magic v5,113.0,5.31
aero street,113.0,13.27
jd id,113.0,0.88
hp second murah,113.0,14.16
bpjs,113.0,1.77
180 spm,113.0,11.5
apple earphone,113.0,14.16
toko risky,113.0,22.12
ncr sport,113.0,14.16
aroma bold 16,113.0,21.24
atakrib,113.0,4.42
atelierangelina,113.0,22.12
ransum,113.0,9.73
prime,113.0,16.81
istana boneka,113.0,24.78
beautyhaul,113.0,14.16
thermal,113.0,3.54
e materai,113.0,0.0
muda,112.0,13.39
ip 11 ibox,112.0,24.11
playtopia,112.0,0.0
rakkipanda,112.0,12.5
bca blibli,112.0,1.79
realme 8,112.0,19.64
hadiah,112.0,16.07
cat avian 1 kg,112.0,22.32
salt,112.0,5.36
blibli tiket,112.0,4.46
sinar mas,112.0,21.43
sinarmas,112.0,10.71
rubi,112.0,3.57
pep,112.0,8.04
xiaomi redmi note 8 pro,112.0,24.11
bilabong,112.0,24.11
sump,112.0,0.0
win filter,112.0,21.43
total,112.0,16.07
xundd,112.0,17.86
decathlon quechua,112.0,21.43
dramabox,111.0,12.61
apollo,111.0,6.31
original,111.0,12.61
eser,111.0,0.0
adics,111.0,5.41
climax,111.0,19.82
otsky,111.0,21.62
peode,111.0,1.8
shockz,111.0,22.52
disediakan oleh blibli,111.0,12.61
pencil,111.0,7.21
rokok sumber baru,111.0,22.52
boxy,111.0,10.81
bluetooth,111.0,14.41
tiger,111.0,15.32
parlent,111.0,4.5
liquid foam,111.0,17.12
xb2142,110.0,12.73
mclaren,110.0,12.73
adifas,110.0,6.36
fbb,110.0,4.55
infinix zero 40 5 g,110.0,14.55
suzuya,110.0,6.36
formula 1,110.0,9.09
tabung dwm,110.0,9.09
home credit,110.0,13.64
poco f4 gt,110.0,19.09
14,110.0,10.91
boro tank and rba b80,110.0,22.73
liquid vape enak,110.0,23.64
vivo y30,110.0,24.55
hypermart gading serpong,110.0,8.18
apple watch 11,109.0,20.18
penginapan,109.0,6.42
sepeda listrik 1 juta,109.0,13.76
mini,109.0,11.01
vap,109.0,3.67
agen rokok kretek,109.0,23.85
rokok-surya-16,109.0,17.43
true to skin,109.0,19.27
voucher game,109.0,19.27
ransum tni,109.0,17.43
xiaomi redmi 17,109.0,10.09
handphone second murah,109.0,17.43
evo mango,109.0,18.35
redmi k pad,109.0,21.1
iphone12 mini,109.0,14.68
jaket ojol grab,108.0,12.04
kris,108.0,24.07
brothermeatshop,108.0,17.59
rice,108.0,21.3
8.8,108.0,7.41
tas kecil,108.0,16.67
followers tiktok,108.0,11.11
jpckemang,108.0,4.63
langgan,108.0,15.74
nona rara,108.0,4.63
ban mobil dunlop,108.0,22.22
mainan dewasa,108.0,14.81
credifox,108.0,19.44
vape murah,108.0,4.63
sepatu tiger original,108.0,7.41
dekkson,108.0,23.15
bebelac 1,108.0,18.52
volta,108.0,15.74
aksesoris,108.0,18.52
gecko,108.0,13.89
shop at blow,108.0,0.93
jaket pocari,108.0,3.7
cole,108.0,24.07
hyoermart,107.0,6.54
koper delsey,107.0,18.69
iphone 5,107.0,10.28
smart tv 42 inch,107.0,23.36
barefoot shoes,107.0,13.08
superdry,107.0,9.35
ibywind,107.0,20.56
ip12,107.0,13.08
oma elly,107.0,17.76
vand,107.0,6.54
screen protector,107.0,22.43
rx 6700 xt,107.0,18.69
vivo s30,107.0,0.93
peak design,107.0,24.3
festival 14,107.0,13.08
perabot rumah tangga,107.0,24.3
steve madden shoes,107.0,4.67
ticket,107.0,8.41
shihlin,107.0,0.93
rokok sky,107.0,6.54
sms shop online,107.0,0.93
delsey,107.0,18.69
antarestar,107.0,11.21
laviola,107.0,16.82
tobaking,107.0,18.69
api,107.0,2.8
kesehatan,107.0,24.3
pulsa listrik,107.0,2.8
ballet,107.0,19.63
sphp,106.0,1.89
ste1010,106.0,16.98
kelme,106.0,8.49
lozy,106.0,22.64
garden cell,106.0,0.94
night vision,106.0,9.43
silvergram,106.0,1.89
coros pace 2,106.0,16.98
babyshop,106.0,7.55
infinix zero 40,106.0,23.58
paper,106.0,15.09
tdr,106.0,20.75
legion y700,106.0,15.09
rokok jarum super 12,106.0,21.7
anjing,106.0,23.58
unitag,106.0,3.77
fujifilm flagship store,106.0,5.66
psstore,106.0,0.0
semar nusantara store,105.0,22.86
newera,105.0,21.9
codein 10 mg,105.0,23.81
dalil,105.0,3.81
rokok legal,105.0,12.38
cigarettes,105.0,20.0
nosile,105.0,2.86
share,105.0,5.71
1 slop isi 10 bungkus,105.0,20.95
roller,105.0,6.67
scratch,105.0,2.86
ufo,105.0,3.81
everest,105.0,4.76
merrell,104.0,4.81
nona rara batik,104.0,15.38
bliblipay,104.0,6.73
jam tangan patek philippe,104.0,22.12
hp a55 5 g samsung,104.0,23.08
s21,104.0,19.23
mie gacoan,104.0,2.88
pixel 7 pro,104.0,12.5
clas mild,104.0,23.08
kemeja wood,104.0,11.54
samsung j7pro,104.0,23.08
focus nusantara,104.0,7.69
ipad air m4,104.0,6.73
mobil anak,104.0,20.19
celurit madura,104.0,22.12
marswillow,104.0,10.58
apotik century,104.0,14.42
baju cewe,104.0,14.42
keelat,104.0,0.96
google pixel 10 pro,104.0,3.85
adelle jewellery,103.0,19.42
rokok kretek murah 1 slop,103.0,24.27
primo,103.0,14.56
obat analsik 500 mg,103.0,19.42
charger macbook,103.0,22.33
uniqlo official,103.0,6.8
bans,103.0,4.85
bold,103.0,11.65
honor magic 6 pro,103.0,8.74
mld,103.0,15.53
ncr,103.0,3.88
corkcicle flagship store,103.0,23.3
le minerale 600 1 dus,103.0,22.33
rokok luxio,103.0,19.42
promel,103.0,3.88
hijack sandals,103.0,12.62
black shark,103.0,21.36
gemini,103.0,7.77
rokok la merah,103.0,17.48
tomo kenko,103.0,20.39
bantex,103.0,17.48
nexium,103.0,23.3
grosir rokok,103.0,21.36
nuby,103.0,21.36
kohler,102.0,19.61
penerimaan negara,102.0,0.98
baleno,102.0,11.76
hp terbaru,102.0,23.53
koil vape,102.0,17.65
paket pokari,102.0,4.9
event,102.0,7.84
pixel 10,102.0,4.9
sania oil,102.0,24.51
tv murah,102.0,11.76
djarum royal,102.0,18.63
ban tubeless motor beat,102.0,23.53
adidas indonesia,102.0,19.61
agress,102.0,1.96
diazepam 5 mg,102.0,13.73
hp vivo y17,102.0,24.51
banana,101.0,12.87
super indo,101.0,18.81
alt,101.0,7.92
reef,101.0,15.84
vapestore,101.0,21.78
blue wizzard,101.0,9.9
greenforest,101.0,23.76
signature,101.0,7.92
iphonexr,101.0,18.81
likuid,101.0,4.95
angker rokok,101.0,17.82
waris,101.0,24.75
kunci,101.0,23.76
red bull,101.0,11.88
fun run,101.0,8.91
fila indonesia official store,101.0,18.81
15 promax,101.0,24.75
gloglowing,101.0,24.75
hp mini,101.0,14.85
hifi,101.0,15.84
redmagic 9 pro,101.0,21.78
tidu,101.0,1.98
valino,101.0,1.98
fosil,101.0,17.82
nyc,101.0,14.85
intel,101.0,13.86
forte,100.0,20.0
hp vivo y21 ram 4,100.0,23.0
twg,100.0,16.0
vapehan,100.0,16.0
on bold,100.0,17.0
vams,100.0,11.0
rokok cerutu cohiba,100.0,22.0
lost vape ursa baby pro pod kit,100.0,18.0
doll,100.0,16.0
slingshot,100.0,23.0
beras 1 karung,100.0,23.0
ac0650,100.0,14.0
na220,100.0,23.0
fast track,100.0,0.0
mader,100.0,8.0
bundling,100.0,22.0
unilever flagship store,100.0,12.0
kids station,100.0,14.0
tobacco,100.0,12.0
jbl charge 6,100.0,14.0
sms shop online official store,99.0,5.05
este,99.0,16.16
toko emas abc,99.0,6.06
redwing,99.0,9.09
bni,99.0,20.2
merchandise,99.0,24.24
samsung galaxy a7,99.0,16.16
agress id,99.0,1.01
zuma,99.0,8.08
scoora,99.0,18.18
hushpuppies,99.0,16.16
brooks flagship store,99.0,13.13
c.y.t.o.t.e.c,99.0,4.04
forxiga,99.0,24.24
calle,99.0,4.04
rotelli,99.0,24.24
24 bottles,99.0,21.21
polar,98.0,6.12
cbn,98.0,12.24
penatu home,98.0,3.06
gratis,98.0,5.1
bandar colok,98.0,5.1
aegis,98.0,22.45
samsung a20s,98.0,24.49
ip 12 pro,98.0,7.14
rokok la bold 20 slop,98.0,22.45
nillkin,98.0,11.22
voucher tiket pesawat,98.0,6.12
couple,98.0,24.49
sharp flagship store,98.0,9.18
lazada,98.0,1.02
infinix hot 9,98.0,24.49
camlok,98.0,20.41
asoka,98.0,4.08
birkenstock pria,98.0,19.39
asuransi,98.0,14.29
nona dara batik,98.0,15.31
declan,98.0,22.45
honda monkey,98.0,7.14
dua kelinci,97.0,21.65
baju putih,97.0,22.68
bokep jepang,97.0,4.12
astra,97.0,20.62
astro,97.0,2.06
nineteen,97.0,0.0
tape,97.0,5.15
qris,97.0,5.15
obat nyamuk bakar kingkong 1 dus,97.0,23.71
dinamo,97.0,17.53
artengo,97.0,13.4
kartu flash bca,97.0,24.74
on cloud kids,97.0,5.15
sinar mas selluler flagship store,97.0,18.56
robox,97.0,1.03
iphone 6 s,97.0,10.31
akun ml,97.0,1.03
nilkin,97.0,2.06
ac 1 2 pk,97.0,24.74
hypermart daan mogot,97.0,6.19
sleep buddy,97.0,10.31
gudang parfum impor,96.0,5.21
9.9,96.0,10.42
jaket columbia,96.0,10.42
cialis 10 mg,96.0,18.75
case hp,96.0,14.58
nova,96.0,8.33
rokok filter kaleng,96.0,22.92
panlandwoo,96.0,5.21
cutbray,96.0,23.96
afc,96.0,8.33
ehs,96.0,3.13
redbull,96.0,18.75
tm,96.0,5.21
mikrotek,96.0,5.21
skin,96.0,13.54
sneaker dept,96.0,20.83
tap cash,96.0,23.96
blibli video games official store,96.0,13.54
iphon 11,95.0,16.84
ip xs,95.0,12.63
apolo,95.0,3.16
black diamond,95.0,17.89
brick,95.0,22.11
tab murah,95.0,6.32
voucher hotel,95.0,18.95
djisamsoe,95.0,21.05
honda vario 150,95.0,22.11
pawtopia,95.0,1.05
indogrosir,95.0,0.0
afidas,95.0,10.53
flipper,94.0,23.4
botol minum tupperware,94.0,21.28
baju cowok,94.0,21.28
monobrand,94.0,2.13
spray,94.0,11.7
bogor,94.0,18.09
hp batam,94.0,21.28
google pixel watch,94.0,15.96
toko mas abc,94.0,4.26
sage denim,94.0,2.13
iphone 6s,94.0,4.26
transmart,94.0,15.96
baju korean style,94.0,20.21
digicam sony,94.0,14.89
color box,94.0,15.96
xiaomi hyper os,94.0,24.47
hexos,94.0,14.89
apc,94.0,12.77
sepatu everbest wanita,94.0,20.21
aeon,94.0,1.06
pure,94.0,18.09
parfum rush,94.0,6.38
basseus,94.0,22.34
cassion,94.0,2.13
ban tubeless motor,94.0,9.57
diskon,94.0,21.28
vario 150,93.0,24.73
ho,93.0,3.23
harmoni,93.0,22.58
muda official,93.0,19.35
samsung galaxy tab s9 plus,93.0,24.73
jam-tangan-rolex,93.0,21.51
megah,93.0,7.53
f50,93.0,13.98
adidas f1,93.0,21.51
sepatu homyped anak,93.0,7.53
cicilan hp 24 bulan,93.0,18.28
sugar glider,93.0,22.58
se,93.0,2.15
mitra 1l,93.0,8.6
grip,93.0,10.75
kiehl's,93.0,16.13
advan x play,93.0,9.68
converse authorized seller official store,93.0,19.35
apotik sehat kota batu,93.0,1.08
wortel 1 kg,93.0,23.66
whoosh,93.0,0.0
naga swalayan,93.0,12.9
sms shop,93.0,4.3
bracket,93.0,22.58
niki,93.0,11.83
oppoa54 s,93.0,19.35
cotton on official,93.0,15.05
sneakers dept flagship store,93.0,10.75
alibaba original official store,92.0,10.87
citicoline 500 mg,92.0,9.78
fujitsu,92.0,13.04
sehat tentrem,92.0,15.22
rumah parfum,92.0,7.61
rtx 4080,92.0,22.83
stavol,92.0,8.7
kompresor pcp,92.0,6.52
jpc kemang official store,92.0,8.7
motogp,92.0,15.22
barefoot,92.0,8.7
inox,92.0,2.17
bers,92.0,22.83
a5,92.0,22.83
humer merah,92.0,18.48
hypermart paragon,92.0,15.22
adata,92.0,21.74
tiket tebus murah,92.0,14.13
flaz,92.0,21.74
juara,92.0,18.48
iphone 14 pro ibox,92.0,13.04
signal,92.0,2.17
gym shark,92.0,10.87
mart,92.0,6.52
cassion store,91.0,4.4
pocari virtual,91.0,15.38
bumilindo store flagship store,91.0,5.49
vinko,91.0,3.3
cocoa,91.0,20.88
anti gores,91.0,13.19
gratis,91.0,0.0
new,91.0,9.89
beras sumo hijau 5kg,91.0,16.48
digiplus,91.0,20.88
dji sam soe kretek,91.0,24.18
pampers fluffy,91.0,21.98
cuerpo,91.0,4.4
ink,91.0,4.4
diamond ml,91.0,13.19
hd2510,91.0,15.38
mama suka,91.0,16.48
sms shop online flagship store,91.0,5.49
nyk nemesis,91.0,13.19
vanilla hijab official,91.0,24.18
bruno premi,91.0,21.98
apple tv,91.0,10.99
wrangler jeans,91.0,21.98
180spm,91.0,17.58
live,91.0,16.48
obat merlopam lorazepam 2 mg,91.0,23.08
fujifilm official store,91.0,18.68
kobo libra,90.0,20.0
matrix,90.0,8.89
juice,90.0,15.56
a54,90.0,23.33
platinum,90.0,3.33
quick silver,90.0,20.0
kelinci,90.0,7.78
rokok dunhill black,90.0,21.11
aion,90.0,8.89
rokok isi,90.0,20.0
sepatu tiger original wanita,90.0,22.22
exsport bags official store,90.0,5.56
emas 22 karat,90.0,16.67
red wing shoes,90.0,24.44
samsung galaxy z fold 4 second,90.0,20.0
digivice,90.0,20.0
kapal,90.0,3.33
stiker motor,90.0,18.89
sucralfate syrup,90.0,8.89
arsenal third,90.0,21.11
heavent scent,90.0,21.11
blibli flagship,90.0,2.22
gentle women,90.0,18.89
sweat pants,90.0,23.33
hp resmi,89.0,2.25
cair,89.0,10.11
room,89.0,3.37
rokok aroma teh,89.0,23.6
ste1030,89.0,17.98
dres,89.0,17.98
tissu kering,89.0,24.72
duta buah store,89.0,12.36
pvc,89.0,8.99
ef-x8,89.0,6.74
blibligold,89.0,15.73
st ives,89.0,22.47
cialis 5 mg,89.0,19.1
emporio armani,89.0,17.98
sepatu pria rockport,89.0,5.62
tembakau gayo,89.0,23.6
hypermart puri indah,89.0,19.1
broodis official store,89.0,24.72
realme c2,89.0,21.35
sharp predator,89.0,8.99
dubai rokok,89.0,17.98
kedai mart,89.0,19.1
baju merah,89.0,21.35
smith rokok,89.0,10.11
share treat,89.0,3.37
appelhouse,89.0,1.12
balega,89.0,17.98
tank,89.0,2.25
magic,89.0,8.99
toptoy,89.0,12.36
beat karbu,89.0,20.22
lafite,88.0,2.27
sepatu rockport,88.0,13.64
sepeda motor honda beat bekas,88.0,12.5
eiger adventure flagship store,88.0,19.32
m1,88.0,2.27
dental,88.0,15.91
tabungan emas,88.0,14.77
gayo,88.0,18.18
no void,88.0,6.82
lattebless official store,88.0,22.73
intel core i7,88.0,14.77
marshal,88.0,17.05
ambil di toko,88.0,23.86
jumbo,88.0,1.14
eat sambel,88.0,22.73
sleeve,88.0,9.09
i7,88.0,11.36
honda listrik,88.0,22.73
canon ixus 185,88.0,22.73
avitex 5kg,88.0,23.86
seragam,88.0,22.73
nu fit,88.0,0.0
sepedah,88.0,22.73
ipod nano,88.0,14.77
iceler,88.0,19.32
saturday,88.0,9.09
huawe,88.0,10.23
mandalika parfume,88.0,4.55
zaitun,88.0,23.86
pos,88.0,0.0
tnw mic,87.0,22.99
papi mami,87.0,24.14
sendal pose,87.0,13.79
federal,87.0,14.94
sepatu columbia,87.0,6.9
hypermart cibubur junction official store,87.0,16.09
vavor,87.0,13.79
oc,87.0,2.3
claritin,87.0,10.34
hnm kids,87.0,10.34
rokok win clicks,87.0,20.69
clark,87.0,5.75
lotte,87.0,20.69
sumi,87.0,0.0
mobil mobilan,87.0,6.9
sharp dragon,87.0,17.24
microsoft surface tablet,87.0,17.24
einmilk,87.0,20.69
mikrotek flagship store,87.0,5.75
alldocube,87.0,24.14
sony a6100,87.0,19.54
noir,87.0,3.45
restore,87.0,2.3
body pack,87.0,24.14
bags city flagship store,87.0,2.3
beras sintanola,87.0,22.99
lensa,87.0,11.49
gojek,86.0,8.14
nfl,86.0,16.28
melawai,86.0,15.12
chicago,86.0,2.33
beraz,86.0,9.3
fridep sertraline,86.0,17.44
lc-x100v,86.0,3.49
persija,86.0,18.6
xppen,86.0,20.93
watsons body wash,86.0,24.42
lanyard blibli,86.0,4.65
cat catylac 5 kg,86.0,23.26
butik,86.0,2.33
new ballance,86.0,22.09
wireless,86.0,24.42
lotte mart,86.0,16.28
redmi turbo,86.0,16.28
citicoline,86.0,19.77
elextrolux,86.0,24.42
benefit,86.0,20.93
lh-x100,86.0,1.16
uniclo,86.0,13.95
gun,86.0,16.28
mobile phone shop official store,85.0,21.18
obat cytotec,85.0,5.88
taraphone,85.0,2.35
airphone,85.0,9.41
amway,85.0,24.71
pupuk urea 50 kg,85.0,20.0
books,85.0,12.94
oreo mini,85.0,4.71
diesel,85.0,7.06
cotton,85.0,15.29
khusus pengguna baru,85.0,5.88
gel,85.0,9.41
pinjaman tunai,85.0,3.53
rhode,85.0,2.35
hypermart cyberpark karawaci official store,85.0,24.71
kusuma,85.0,3.53
gudang jam,85.0,7.06
apple watch ultra 1,85.0,15.29
kompas,85.0,24.71
lukman,85.0,4.71
batre,85.0,23.53
manchester import,85.0,23.53
myfruit,85.0,17.65
motorola flip,85.0,7.06
beras bulog 5 kg,85.0,24.71
etude,85.0,17.65
tlc,85.0,5.88
kaos murah,85.0,16.47
pramy,85.0,14.12
sony experia 5,85.0,12.94
oppo a9,85.0,21.18
samsung a10s,85.0,21.18
kaos jersey,85.0,16.47
will fitness,84.0,0.0
rokok la putih,84.0,13.1
celana skena pria,84.0,13.1
tabung gas 12 kg,84.0,21.43
samsung s23 second,84.0,22.62
ninja ss,84.0,20.24
es batu,84.0,16.67
ip 12 mini,84.0,4.76
sim card,84.0,19.05
sepatu second,84.0,20.24
pose sandal,84.0,3.57
rokok-surya-12,84.0,3.57
cat tembok 1kg,84.0,15.48
round lab,84.0,20.24
kue kaleng,84.0,17.86
brandnobrand,84.0,1.19
kirin,84.0,16.67
frisianflag,84.0,20.24
bench,84.0,16.67
uklik jawara,84.0,22.62
blibli official store,84.0,9.52
toko sembako kebraon,84.0,20.24
japan,84.0,9.52
lululemon bag,84.0,5.95
silverium,84.0,8.33
tad,84.0,2.38
rokok hd,84.0,3.57
yamaha nmax turbo 2024,84.0,23.81
kue kering,84.0,23.81
vocer,84.0,23.81
alfa mart,84.0,17.86
camel purple,84.0,23.81
e sim,84.0,23.81
dunhill hitam 16,84.0,21.43
skechers authorized seller,83.0,14.46
cup,83.0,10.84
fujishopid,83.0,15.66
maujual,83.0,2.41
4060,83.0,16.87
ef-x20,83.0,0.0
sampurna prima,83.0,15.66
salt n pepper,83.0,12.05
heylook,83.0,16.87
nix,83.0,7.23
calmlet 1 mg per lembar,83.0,19.28
enchanting,83.0,18.07
obat alprazolam resep dokter,83.0,19.28
hitam,83.0,13.25
gio saverino,83.0,22.89
redmi note 10s,83.0,19.28
obat-misoprostol-200-mcg,83.0,15.66
marcopolo,83.0,18.07
scholl,83.0,13.25
hypemart,83.0,9.64
i5,83.0,10.84
jamu,82.0,14.63
oppo indonesia flagship store,82.0,12.2
dell xps 15,82.0,24.39
kucing billy,82.0,9.76
ketorolac,82.0,9.76
hand towel,82.0,21.95
sharp tiger short,82.0,24.39
tempat rokok,82.0,21.95
lea,82.0,6.1
cricket,82.0,12.2
seratin,82.0,1.22
oxva xlim 1000 mah,82.0,24.39
red wing,82.0,3.66
etalase,82.0,21.95
liq,82.0,3.66
benston,82.0,2.44
geela,82.0,23.17
coconi,82.0,17.07
makanan dan minuman,82.0,17.07
samarinda,82.0,12.2
click,82.0,12.2
kidzoona,82.0,1.22
geekvape aegis legend,82.0,23.17
aqua 600 ml,82.0,18.29
gs shop,82.0,13.41
prosesor intel core i5,82.0,17.07
whs store,82.0,14.63
fresh and natural,82.0,20.73
tab s8,82.0,24.39
tomoro,82.0,3.66
bisoprolol 5 mg,82.0,13.41
dirham,82.0,8.54
sepatu colombia,82.0,1.22
instax wide refill,82.0,2.44
pregabalin 150,82.0,24.39
salep,82.0,17.07
cape,82.0,1.22
beats,81.0,14.81
infinix hot 8,81.0,22.22
vapoor,81.0,9.88
pajak,81.0,2.47
kartu flazz bca gen 2 custom,81.0,23.46
headset 500 lenovo,81.0,0.0
gfx100rf,81.0,3.7
paddle,81.0,11.11
rokok dji sam soe 12,81.0,19.75
rokok sultan,81.0,24.69
honda cengkareng,81.0,13.58
air shoft gun,81.0,23.46
corenation,81.0,19.75
gudang garam merah kretek 12,81.0,24.69
gymshark,81.0,19.75
digital alliance,81.0,16.05
ben sherman,81.0,0.0
samsung galaxy z fold 3,81.0,19.75
cairan nacl,81.0,18.52
ck,81.0,12.35
bak mandi,81.0,20.99
whisper,81.0,24.69
patek philippe,81.0,19.75
lucid,81.0,2.47
maimeite,81.0,14.81
hyper,81.0,0.0
eggel home 3,81.0,20.99
ban mobil ring 17,81.0,24.69
etoricoxib,81.0,13.58
felancy,81.0,24.69
von dutch flagship store,81.0,2.47
vespa s 125 i get,80.0,21.25
pistol asli,80.0,18.75
gastin,80.0,13.75
kulkas murah,80.0,5.0
nyx,80.0,20.0
este mild,80.0,21.25
metro tennis,80.0,16.25
kertas minyak,80.0,18.75
hp vivo y 04,80.0,21.25
kamargadget,80.0,5.0
25 mg,80.0,20.0
iphone wifi only,80.0,6.25
glad2 glow 1 paket,80.0,22.5
samsung flip 4,80.0,16.25
triplek 9 mm 120 x 240,80.0,23.75
glock 26,80.0,22.5
hoops point,80.0,15.0
glove,80.0,13.75
hp iphone 14 pro max,80.0,16.25
qc,80.0,0.0
google pixel 7 a,80.0,6.25
korek api gas tokai,80.0,16.25
roko elektrik,80.0,11.25
iphone 9,80.0,3.75
jd,80.0,5.0
erajaya,80.0,7.5
susu uht frisian flag 115 ml 1 dus,80.0,23.75
manchester putih,80.0,22.5
zevma,80.0,0.0
tropicana slim oat,80.0,22.5
roko ori,80.0,6.25
rud runner,80.0,12.5
bocorocco,80.0,21.25
rokok-elektrik,80.0,17.5
macbook pro second,80.0,11.25
nikr,80.0,8.75
ban mobil dunlop r17,80.0,23.75
sepatu specs,80.0,21.25
aqua 330 dus,80.0,7.5
hp 1jt,80.0,2.5
hp 1 juta,80.0,16.25
mintak,80.0,17.5
mobile phone shop flagship store,80.0,8.75
makan,79.0,17.72
car,79.0,18.99
ipad pro 11 inci gen 2,79.0,10.13
renan store,79.0,1.27
laptop lenovo ram 8gb,79.0,24.05
slazenger,79.0,5.06
gotrade,79.0,0.0
bubble,79.0,21.52
foodmart,79.0,17.72
barack taste,79.0,21.52
karton,79.0,12.66
akaso 360,79.0,10.13
lidocaine,79.0,11.39
atomy,79.0,15.19
titleist,79.0,24.05
ribsgold,79.0,22.78
prince,79.0,16.46
catrid,79.0,10.13
lamina,79.0,7.59
ant box,79.0,5.06
pods vape disposable,79.0,17.72
sandal fipper,79.0,1.27
bomidi,79.0,13.92
vivo x300 pro,79.0,2.53
ini toko budi,79.0,13.92
thp,79.0,15.19
blood,79.0,6.33
insulin,79.0,17.72
class mild purple,78.0,19.23
check in,78.0,0.0
tas anak nike,78.0,21.79
ipad bekas,78.0,20.51
matic,78.0,14.1
baju jersey,78.0,8.97
butik emas antam official,78.0,15.38
hp oppo a51,78.0,11.54
sofa informa,78.0,20.51
trueve official,78.0,23.08
tagihan air,78.0,2.56
kartu uang elektronik,78.0,23.08
red,78.0,11.54
sumber baru,78.0,5.13
baju lengan panjang,78.0,14.1
1559,78.0,23.08
realme 9 pro plus,78.0,14.1
pod x,78.0,12.82
falisya20,78.0,21.79
mcdonald,78.0,24.36
farmers kelapa gading,78.0,3.85
bli gold,78.0,24.36
ps plus,78.0,20.51
po,78.0,3.85
mesin motor,78.0,10.26
new castle,78.0,21.79
hypermart gajah mada official store,78.0,12.82
shark,78.0,5.13
madamgie,78.0,12.82
chocochips,78.0,17.95
camel active,77.0,23.38
blibli monobrand official store,77.0,3.9
obat diazepam 2 mg,77.0,20.78
samsung s23 ultra second,77.0,12.99
motor honda listrik,77.0,10.39
tas anello,77.0,11.69
cat avian,77.0,23.38
willfitness,77.0,5.19
zagg,77.0,22.08
honor 200,77.0,22.08
hoops dept official store,77.0,20.78
gmc,77.0,19.48
woods,77.0,15.58
trilac 10 mg,77.0,11.69
dji sam soe 16,77.0,23.38
toriphone,77.0,1.3
halloween,77.0,18.18
sogo,77.0,6.49
c & f,77.0,11.69
wax,77.0,14.29
nutrimart official store,77.0,23.38
cherry,77.0,11.69
tembako,77.0,19.48
hp ip 11,77.0,7.79
abbott,77.0,18.18
flamicort,77.0,24.68
jpc kemang,77.0,5.19
honda cuve,77.0,16.88
alpra,77.0,1.3
koil,77.0,14.29
magnate,77.0,6.49
pontianak,76.0,23.68
freshtrack,76.0,2.63
kabel charger iphone original,76.0,14.47
vkool,76.0,23.68
neo,76.0,9.21
civo,76.0,7.89
blibli surabaya,76.0,9.21
kayu,76.0,11.84
ip x,76.0,9.21
cat dulux 25kg,76.0,14.47
diadora purlie,76.0,2.63
electrum,76.0,5.26
alprazolam 1 mg box,76.0,18.42
free package,76.0,5.26
padma,76.0,10.53
sasc,76.0,22.37
jangeby,76.0,1.32
tas ransel anello,76.0,23.68
taser gun,76.0,22.37
kursi pijat advance,76.0,18.42
sinarmulia flagship store,76.0,9.21
the excecutive,76.0,13.16
100 mg,76.0,13.16
lamborghini,76.0,19.74
cabe merah 1 kg,76.0,11.84
the alba,76.0,15.79
eager,76.0,14.47
ip17,75.0,2.67
samsung flip 3,75.0,20.0
papaya,75.0,13.33
sepatu joging,75.0,16.0
promo philips gc122,75.0,1.33
kertas papir,75.0,17.33
blibli e voucher,75.0,1.33
vanilla,75.0,8.0
plug,75.0,1.33
senar,75.0,13.33
enterkomputer,75.0,18.67
tiket timezone,75.0,20.0
nofear,75.0,9.33
rokok samsu hitam,75.0,24.0
calmic,75.0,10.67
pum,75.0,1.33
body beat fi merah,75.0,0.0
samsung galaxy j7 prime,75.0,22.67
footstep,75.0,12.0
hokben,75.0,14.67
isi iqos terea,75.0,14.67
obat kimia kimia farma cytotek,75.0,14.67
troublemaker,75.0,4.0
dreambox,75.0,20.0
galaxy tab s8,75.0,22.67
hush pupies,75.0,6.67
milo active go,75.0,24.0
beeas,75.0,14.67
triumph,75.0,16.0
on cloud horizon,75.0,22.67
iphone 18,75.0,1.33
xiaomi store,75.0,17.33
deepcool,75.0,16.0
virtual,75.0,1.33
sushi,75.0,20.0
samsung m56,75.0,13.33
blibi,75.0,5.33
sony dsc wx350,75.0,21.33
ozempic 1 mg,75.0,4.0
hypermat,75.0,2.67
babywipes,75.0,13.33
swoosh,75.0,14.67
hijrahfood meatshop,75.0,13.33
dragon,75.0,5.33
farmers market run,75.0,4.0
sepatu legas,74.0,22.97
honda forza,74.0,8.11
tali,74.0,17.57
filter oli,74.0,5.41
pinjam,74.0,0.0
adidas manchester,74.0,20.27
carrol,74.0,12.16
thelema mini kit,74.0,21.62
era 2000 flagship store,74.0,1.35
proclean,74.0,18.92
cigarette,74.0,9.46
ascis,74.0,20.27
rokok sampoerna mild 50 batang,74.0,22.97
vinilex 5 kg,74.0,17.57
apple house,74.0,0.0
kuping sensi,74.0,1.35
samsung a15 ram 8 gb,74.0,20.27
velg vnd ring 17,74.0,20.27
deoxide,74.0,0.0
benhill,74.0,17.57
quiksilver flagship store,74.0,13.51
lulu jeans,74.0,9.46
columbia shoes,74.0,5.41
suno,74.0,13.51
analsik-500-mg,74.0,12.16
android murah,74.0,20.27
kasir,73.0,10.96
wasser,73.0,20.55
ketomed shampoo,73.0,21.92
chamber bocap,73.0,20.55
oppo a13,73.0,19.18
blacksweet,73.0,1.37
savin,73.0,0.0
rtx 3080,73.0,24.66
oppo reno 15,73.0,21.92
jco,73.0,0.0
prj,73.0,1.37
ps5 fat,73.0,6.85
gmp 1 kg,73.0,23.29
qq store,73.0,4.11
vivo flip,73.0,1.37
hp sharp aquos,73.0,24.66
flexzone,73.0,24.66
hp realme c17,73.0,8.22
bus,73.0,4.11
setia1,73.0,5.48
converse authorized seller flagship store,73.0,10.96
ipad air 2,73.0,9.59
new balance sandal,73.0,23.29
abbott flagship store,73.0,1.37
lea jeans,73.0,9.59
colagen,73.0,24.66
momcozy,73.0,5.48
sepatu donatello,73.0,23.29
corolla,73.0,4.11
sahabat,73.0,5.48
gunung,73.0,16.44
dji mavic,73.0,24.66
vapepod,73.0,13.7
rokok camel 16,73.0,19.18
pixel 8,73.0,19.18
g a s t r u l,73.0,2.74
i phone xr,73.0,16.44
tas bosh,73.0,4.11
sony a5000,73.0,23.29
minyam,72.0,18.06
makeblock,72.0,4.17
apple 17,72.0,9.72
samsung 8 jutaan,72.0,13.89
grendel,72.0,13.89
gul,72.0,2.78
tuker tambah,72.0,12.5
ultra sakti,72.0,18.06
akun,72.0,11.11
iphone 16 promax 256,72.0,22.22
poci,72.0,4.17
stebido,72.0,4.17
korea,72.0,11.11
ondok,72.0,1.39
nintendo switch 1,72.0,15.28
idemitsu,72.0,15.28
kidzone,72.0,4.17
birkenstock kids,72.0,1.39
xiaomi note 11 official,72.0,0.0
erablue,72.0,1.39
blibli store flagship,72.0,5.56
tataruma,72.0,13.89
jepang,72.0,15.28
samsat,72.0,0.0
xiaomi 11 ultra,72.0,12.5
terea for iqos,72.0,16.67
sony experia 1,72.0,13.89
nipple,72.0,8.33
tas roxy,72.0,9.72
nudie,72.0,22.22
pocarisweat run,72.0,22.22
ramayana,72.0,16.67
ibix,72.0,5.56
fit me up,72.0,1.39
adorable,72.0,4.17
r233,72.0,22.22
geoffmax,72.0,15.28
rose,72.0,4.17
skintific flagship store,72.0,19.44
esse berry pop slop,72.0,16.67
kredit hp tanpa ktp,72.0,13.89
ivermectin 12 mg,72.0,13.89
trans studio bandung,72.0,5.56
manga,72.0,12.5
apple magsafe battery pack,72.0,19.44
dan dan,72.0,0.0
panama,72.0,18.06
samsung a16 ram 6,71.0,16.9
amg,71.0,16.9
sneakers_dept,71.0,21.13
de yellow official store,71.0,0.0
rusty,71.0,2.82
lcd iphone 11,71.0,18.31
hotel jakarta,71.0,11.27
oppo find x3 pro,71.0,22.54
lifepo4,71.0,22.54
silicon,71.0,1.41
digicell,71.0,0.0
poods,71.0,8.45
on  official store,71.0,23.94
kale,71.0,18.31
gemoy,71.0,5.63
channel,71.0,14.08
istana susu,71.0,16.9
nu skin,71.0,18.31
michelin,71.0,18.31
papor,71.0,8.45
postino,71.0,16.9
terminal,71.0,21.13
united clovis 5.10,71.0,22.54
rokok jepang,71.0,16.9
alibaba,71.0,1.41
humans,71.0,5.63
rokok aspro bold,71.0,14.08
pod vapor,71.0,16.9
iphonw,71.0,18.31
meco,71.0,21.13
bucket,71.0,12.68
clindamycin,71.0,19.72
tiket event,71.0,15.49
samsung m12,71.0,21.13
searchpage,71.0,18.31
neosack,71.0,14.08
exacoat,71.0,18.31
laptop harga 1 jutaan,71.0,21.13
tcl mini dryer,71.0,5.63
minyak goreng kara 5 liter,71.0,22.54
handheld,71.0,1.41
voucher peluang official,71.0,1.41
makro99,71.0,9.86
haan,71.0,22.54
samsubg,71.0,16.9
kalsium,71.0,21.13
parfum scandalous,71.0,23.94
senjata,71.0,14.08
baterai laptop lenovo,70.0,21.43
xiomi 17,70.0,5.71
hamilton,70.0,5.71
bags city,70.0,5.71
zelda,70.0,14.29
iphone se 3 2022,70.0,17.14
blackshark,70.0,8.57
joyco,70.0,20.0
r15,70.0,15.71
pelek motor ring 17,70.0,24.29
rokok alaska,70.0,14.29
raspberry pi,70.0,21.43
tele,70.0,7.14
weekend offender,70.0,15.71
on cloud padel,70.0,8.57
oem one,70.0,18.57
diadora purple,70.0,4.29
karawang,70.0,21.43
codipront obat batuk,70.0,8.57
paper id,70.0,8.57
vuse,70.0,20.0
mersibion,70.0,17.14
iphone-12,70.0,22.86
cold brew,70.0,15.71
zolam,70.0,2.86
grandlucky,70.0,10.0
1000,70.0,10.0
minyaj,70.0,21.43
bigarmour,70.0,0.0
baju skena,70.0,15.71
lenovo legion 5 official,70.0,0.0
hp satu jutaan,70.0,24.29
etcetera,70.0,0.0
vertu,70.0,17.14
zandilac,70.0,11.43
magnum blue,70.0,17.14
gentamicin,70.0,18.57
yogya,70.0,1.43
enema,70.0,22.86
lenovo erazer,70.0,1.43
panda,70.0,18.57
y3,70.0,15.71
hamilton watch,70.0,5.71
ac 1/2pk,70.0,21.43
ipad pro m5,70.0,4.29
14 promax,70.0,17.14
scabimite,70.0,15.71
elisabeth,70.0,21.43
hexymer 2 obat parkinson 20 mg,70.0,18.57
biznet,70.0,1.43
swith rokok,70.0,15.71
fieldway,70.0,1.43
riklonax2,70.0,7.14
lightstick,69.0,8.7
svarga,69.0,21.74
groem,69.0,1.45
bakugan,69.0,14.49
rokok-cerutu,69.0,24.64
bisoprolol,69.0,4.35
shell official store,69.0,23.19
sniper,69.0,21.74
damn i love indonesia,69.0,14.49
note,69.0,10.14
wowon,69.0,13.04
sinar jaya comp,69.0,17.39
pick up,69.0,17.39
samsun,69.0,17.39
obat anti depresan,69.0,18.84
rokok twizz 12,69.0,14.49
voova,69.0,20.29
jakartavaporizer,69.0,8.7
hummer merah,69.0,7.25
elektrik,69.0,7.25
gtx 1050 ti,69.0,20.29
fape,69.0,4.35
usdt,69.0,20.29
pin,69.0,23.19
mosdom,69.0,2.9
tailg,69.0,13.04
titanium,69.0,13.04
tcl dryer,69.0,15.94
grow a garden,69.0,5.8
rush ultra,69.0,1.45
rintik,69.0,14.49
pocket,69.0,2.9
mevius,69.0,13.04
seiko nano,69.0,5.8
binance,69.0,17.39
vivo y02,69.0,20.29
socialchic.site,69.0,20.29
supermall,69.0,0.0
white story,69.0,8.7
hp oppo a1k,69.0,21.74
minyak gorenf,69.0,13.04
cat tembok 20 kg,69.0,23.19
led tv sharp aquos 32 inch,69.0,23.19
queenbee,69.0,24.64
macbook pro m5,69.0,1.45
diamond ff,69.0,24.64
red magic 10,69.0,5.8
hp android second,69.0,17.39
infinic,69.0,15.94
ok grosir,68.0,4.41
lancelot,68.0,1.47
kalbe,68.0,19.12
on cloudeclipse,68.0,20.59
gtx 1060,68.0,19.12
beaseus,68.0,19.12
apple watch series 3,68.0,10.29
udud,68.0,10.29
kredit,68.0,5.88
plastik layangan,68.0,22.06
heykama,68.0,14.71
li-ning,68.0,22.06
super junior,68.0,4.41
gpi,68.0,0.0
evod,68.0,5.88
lube,68.0,23.53
snack box,68.0,17.65
salep lumbar,68.0,10.29
blue,68.0,13.24
applehouse,68.0,0.0
sampoerna mild 16 rokok 1 slop/ 10 bungkus/ 16 batang,68.0,13.24
sony walkman mp3 player,68.0,13.24
saganext,68.0,2.94
fold 4,68.0,13.24
parfum refill,68.0,23.53
mlbb,68.0,7.35
pop,68.0,4.41
cannondale,68.0,17.65
oppo reno 5 pro,68.0,17.65
iphone 13 mini second,68.0,10.29
playleter,68.0,19.12
stainles,68.0,5.88
shop at velvet,68.0,22.06
kapal api white coffee botol,68.0,0.0
kels,68.0,23.53
everlast,68.0,23.53
htc,68.0,8.82
sari ayu,68.0,23.53
minuman alkohol soju,67.0,0.0
3636shop,67.0,1.49
six prime,67.0,22.39
earpods type c,67.0,2.99
benang,67.0,20.9
hp sejutaan,67.0,22.39
lego bricks,67.0,10.45
mini compo,67.0,11.94
gopix 8,67.0,16.42
rejuve,67.0,7.46
tempo official store,67.0,4.48
freshmarket,67.0,4.48
memphisorigins,67.0,17.91
realme 7 pro,67.0,20.9
rokok alami,67.0,20.9
list tape,67.0,2.99
rokok batam,67.0,20.9
reward,67.0,1.49
macan gold,67.0,4.48
dapur coklat,67.0,14.93
s101,67.0,4.48
lapto,67.0,19.4
ak47,67.0,19.4
telering - samsung official store,67.0,5.97
gajah,67.0,20.9
jual beli hp second,67.0,4.48
red magic 8 pro,67.0,19.4
hyper x,67.0,17.91
drone murah,67.0,5.97
jersey nfl,67.0,17.91
smartwatch murah,67.0,20.9
redchef,67.0,0.0
karet,67.0,10.45
free mug,67.0,23.88
bear,67.0,20.9
safari,67.0,5.97
ozempic,67.0,2.99
egg,67.0,14.93
gaudi,67.0,11.94
liquid saltnic pod friendly,67.0,13.43
rokok on bold 1,67.0,7.46
lg c4,67.0,23.88
patris,67.0,7.46
iluma,67.0,22.39
stick,67.0,7.46
ipad 8,67.0,20.9
blibli card,67.0,0.0
iphone xr tukar tambah,67.0,7.46
apollo gadget store official store,67.0,22.39
sperpart motor,67.0,11.94
pod mini,66.0,19.7
resmi,66.0,3.03
cat minyak,66.0,21.21
hiqua,66.0,19.7
heavy cream,66.0,16.67
plat nomor motor,66.0,22.73
nicorette,66.0,3.03
ai,66.0,13.64
microsoft surface go,66.0,3.03
ps-3,66.0,21.21
hp redmi 9,66.0,18.18
rokok bold isi 20 1 slop,66.0,24.24
infinix zero flip,66.0,4.55
rtx 3060 ti,66.0,18.18
samsung s2,66.0,6.06
tiket masuk taman safari indonesia,66.0,3.03
latiao,66.0,9.09
celurit,66.0,18.18
aqua 1 dus,66.0,13.64
knalpot racing,66.0,24.24
vepe,66.0,3.03
mi 15 ultra,66.0,13.64
royal sadel,66.0,3.03
motor listrik yadea t9,66.0,19.7
peluang,66.0,7.58
fres parfum,66.0,16.67
terea stick,66.0,24.24
willow,66.0,4.55
samsung galaxy watch 7 ultra,66.0,19.7
camper,66.0,4.55
sport wear,66.0,10.61
hyfresh bandung,66.0,19.7
liquid 30 ml,66.0,19.7
3 second official store,66.0,22.73
apple watch 3,66.0,10.61
riklona-2-mg,66.0,18.18
super tetra,66.0,22.73
sabu,66.0,10.61
pu,66.0,4.55
psm makassar,66.0,22.73
motor rx king,66.0,13.64
valorant,66.0,15.15
lavie,66.0,9.09
nasi,66.0,9.09
lari2,66.0,4.55
balver,66.0,16.67
motorola razr 5 g,65.0,15.38
sepatu oc,65.0,15.38
schecter,65.0,24.62
rokok la menthol,65.0,21.54
bali united,65.0,16.92
clorilex,65.0,20.0
plat nomor,65.0,21.54
nano,65.0,6.15
15pro,65.0,18.46
740,65.0,0.0
sepatu fila pria,65.0,24.62
minyak bimoli 1 liter,65.0,24.62
planet gadget,65.0,23.08
poster,65.0,15.38
sepatu jalan,65.0,13.85
h,65.0,21.54
playbox,65.0,6.15
daiso,65.0,18.46
kenacort,65.0,23.08
ip 7,65.0,9.23
bucheri,65.0,23.08
harga hp realme c53,65.0,20.0
vivo y19 ram 4,65.0,18.46
ac 1/4 pk,65.0,10.77
sampurna,65.0,4.62
glyxambi,65.0,20.0
musik box,65.0,7.69
cartenz,65.0,23.08
the lazy,65.0,16.92
tas murah,65.0,7.69
head band,65.0,12.31
rokok rempah,65.0,21.54
sonoma,65.0,1.54
orca,65.0,24.62
alto bag,65.0,20.0
zebra,65.0,7.69
hp termurah,65.0,12.31
iqoo 11,65.0,20.0
nive,65.0,12.31
centaurus m200 pink,65.0,23.08
garmin flagship store,65.0,18.46
bull,65.0,0.0
motor listrik electric,65.0,21.54
danar hadi,65.0,3.08
bns hype,65.0,21.54
grow,65.0,4.62
nail art,65.0,24.62
suga,65.0,1.54
astrea grand,65.0,23.08
cairan infus nacl,65.0,24.62
milklife uht 1l,65.0,15.38
red apple,64.0,14.06
travel adapter 25 watt,64.0,20.31
wide,64.0,3.13
pluang official store,64.0,9.38
playworks,64.0,9.38
estee lauder official,64.0,7.81
evogad,64.0,9.38
flipflop,64.0,7.81
buncis 1 kg,64.0,17.19
body,64.0,21.88
vico,64.0,4.69
wiselie,64.0,21.88
bisoprolol fumarate,64.0,9.38
optik seis,64.0,21.88
rambut,64.0,15.63
samsunv,64.0,12.5
scott,64.0,23.44
otterbox,64.0,12.5
vabs,64.0,6.25
iphone cr,64.0,4.69
adf outlet,64.0,21.88
kaos blibli,64.0,9.38
uv,64.0,7.81
vapee,64.0,9.38
bearing,64.0,14.06
nikotin cair,64.0,9.38
gudang parfum,64.0,6.25
sepatu new era,64.0,12.5
kienka official store,64.0,23.44
q&q,64.0,17.19
darijepang,64.0,0.0
blibli offline store,64.0,20.31
food hall,64.0,3.13
philips flagship store,64.0,4.69
clean,64.0,12.5
skinvu,64.0,0.0
umkm fest,64.0,0.0
ac 1 4 pk,64.0,15.63
diy,64.0,14.06
brasilia,64.0,10.94
trilogy,64.0,14.06
ban gt radial,64.0,15.63
sumiko,64.0,3.13
farmes,64.0,4.69
unitwo,64.0,3.13
qv,64.0,20.31
10.1,64.0,21.88
ishwhite,64.0,0.0
nike phantom luna,64.0,6.25
converse slip on,64.0,6.25
pods vape murah,64.0,21.88
pandora bracelet,64.0,21.88
baterai iphone 7,64.0,23.44
hays,64.0,0.0
connexion,63.0,15.87
rtx5060,63.0,23.81
kedelai,63.0,14.29
nutribullet go,63.0,22.22
xiaomi 16,63.0,11.11
bong kaca,63.0,12.7
tembakau virginia,63.0,23.81
knalpot tzm,63.0,23.81
sanmarino,63.0,23.81
emaa,63.0,22.22
tri,63.0,22.22
porsche,63.0,22.22
some by me,63.0,23.81
rokok samsu,63.0,14.29
danhill putih 20,63.0,22.22
basike,63.0,11.11
moza,63.0,1.59
hypermart gading serpong official store,63.0,14.29
flamicort 10 mg,63.0,23.81
catokan makarizo,63.0,11.11
mandiri e money,63.0,22.22
realme 6 pro,63.0,20.63
velcro,63.0,22.22
kura kura sulcata,63.0,15.87
russ & co,63.0,19.05
xiao,63.0,4.76
woman,63.0,6.35
nike city,63.0,14.29
hp blackberry,63.0,22.22
liquid crack,63.0,15.87
vgod,63.0,20.63
is white,63.0,4.76
hp oppo a77,63.0,22.22
allo,63.0,4.76
silicone,63.0,12.7
sharp aquos sense,63.0,23.81
gloria,63.0,11.11
infus,63.0,19.05
ta,63.0,1.59
aer,63.0,6.35
inisfree,63.0,23.81
tas nike kids,63.0,20.63
sealer,63.0,20.63
glowies,63.0,23.81
case samsung,63.0,19.05
rokok 1 bal,63.0,20.63
sepatu fila,63.0,6.35
cutoff,63.0,9.52
kucadi,63.0,0.0
ria miranda x blibli,63.0,15.87
ayam petelur,63.0,0.0
bumilindo official store,63.0,3.17
adidas store,63.0,20.63
oxford,63.0,14.29
little m,63.0,22.22
dompet guess,63.0,17.46
amazon,63.0,15.87
xxxl,63.0,12.7
crush gear,63.0,22.22
amazfit helio,63.0,3.17
lights clo,63.0,19.05
obat analsik,63.0,9.52
symbicort 120,63.0,22.22
adudas,63.0,3.17
beras 5jg,63.0,15.87
habbats,63.0,14.29
hippo,63.0,22.22
instax wide twin,62.0,11.29
premium,62.0,1.61
baju murah,62.0,14.52
home,62.0,20.97
ryzen 9,62.0,24.19
hiawei,62.0,16.13
element,62.0,16.13
hijab chic,62.0,9.68
tractor sawah quick,62.0,22.58
xiaomi redmi pro 16,62.0,12.9
wink,62.0,6.45
parfum mandalika,62.0,3.23
apple cable,62.0,6.45
coc komputer,62.0,12.9
bibit ayam petelur,62.0,16.13
pa,62.0,3.23
huawei flip,62.0,0.0
kertas layangan,62.0,22.58
core i5,62.0,20.97
vod elektrik,62.0,19.35
wispie,62.0,1.61
collins official,62.0,0.0
alexa,62.0,19.35
blibli com,62.0,3.23
otsuka,62.0,14.52
purina,62.0,19.35
m231 official,62.0,24.19
pompa pcp elektrik,62.0,14.52
cartridge pods,62.0,24.19
macbook pro 2020,62.0,11.29
tecno pova 7 pro,62.0,14.52
pipa,62.0,20.97
kebel v5,62.0,0.0
hypermart daan mogot official store,62.0,16.13
siplah,62.0,14.52
cincin perak 925,62.0,22.58
era,62.0,9.68
pots tape,62.0,1.61
iphone se 2,62.0,22.58
headseat,62.0,24.19
intikom flagship store,62.0,1.61
love beauty and planet,62.0,19.35
new balance slip on,62.0,6.45
jeep,62.0,14.52
missha,62.0,20.97
hs rokok,62.0,20.97
sunscren,62.0,14.52
hansaplas,62.0,24.19
geoffmax official,62.0,6.45
asics shirt,62.0,24.19
super store,62.0,4.84
icos,62.0,11.29
planet sport asia,62.0,9.68
eazy,62.0,20.97
senpi,62.0,16.13
hanna,62.0,6.45
kesing hp,62.0,8.06
football dept official store,62.0,12.9
samsung murah,61.0,4.92
ja,61.0,16.39
gmail,61.0,6.56
van,61.0,18.03
sayur box,61.0,1.64
hasan,61.0,13.11
alpine,61.0,16.39
vape-rokok-elektrik,61.0,8.2
kalenji,61.0,19.67
yeti tumbler,61.0,21.31
data,61.0,1.64
softcase,61.0,22.95
huawei pura 70 pro,61.0,1.64
jenna and kaia,61.0,19.67
huawei official,61.0,24.59
hr3781,61.0,16.39
godrej,61.0,24.59
shopatblow,61.0,1.64
tinta,61.0,19.67
indomina,61.0,13.11
nitori,61.0,1.64
samsung m55,61.0,1.64
sari ater,61.0,21.31
popper jacket,61.0,16.39
semua promo,61.0,4.92
handheld pc,61.0,24.59
century healthcare,61.0,4.92
rowey,61.0,0.0
mama lemon 680 ml 1 dus,61.0,24.59
bri,61.0,4.92
stik,61.0,8.2
chips higgs domino,61.0,3.28
muscle,61.0,9.84
hololive,61.0,22.95
hypermart cikarang official store,61.0,16.39
winston,61.0,3.28
rokok camel 12,61.0,14.75
ferry fish,61.0,14.75
jackson,61.0,14.75
mandjur,61.0,11.48
viar motor karya bit 100,61.0,22.95
eras,61.0,0.0
foo,61.0,8.2
1tb,61.0,21.31
hp-huawei,61.0,24.59
casual,61.0,11.48
chmb,61.0,0.0
alprazolam 1 mg,61.0,18.03
nik,61.0,11.48
dongle,61.0,22.95
ecopan,61.0,9.84
safety jogger,61.0,22.95
hp 500 ribu,61.0,16.39
adisas,61.0,13.11
sepatu safety redwing,61.0,13.11
wismilak slim,61.0,22.95
djarum king,61.0,22.95
kpop,60.0,15.0
5080,60.0,16.67
guess official store,60.0,16.67
infinix hot 20,60.0,20.0
ayunan,60.0,16.67
slim,60.0,5.0
tembakau tingwe,60.0,16.67
nyk,60.0,15.0
swim,60.0,18.33
expert,60.0,15.0
reytorm,60.0,1.67
1 kg garam,60.0,8.33
velg vrossi,60.0,20.0
powcan,60.0,0.0
thermos official store,60.0,15.0
sounding,60.0,3.33
kemeja lacoste,60.0,15.0
kinto,60.0,11.67
redmi 12 8 256,60.0,20.0
onlysneakers,60.0,15.0
aezy,60.0,3.33
lonsdale,60.0,5.0
slop,60.0,5.0
market,60.0,15.0
cititex,60.0,23.33
tembakau warning,60.0,23.33
dekarrel,60.0,20.0
imou,60.0,18.33
huda beauty,60.0,23.33
adidas swimming,60.0,15.0
pepero,60.0,18.33
hijrahfood,60.0,8.33
aboveboard,60.0,0.0
hypermart ekalokasari official store,60.0,16.67
twa,60.0,0.0
bonbox,60.0,21.67
iphone 11pro,60.0,23.33
pintu rumah,60.0,8.33
wdp,60.0,0.0
xiamoi,60.0,13.33
maxlis,60.0,3.33
samsung a76,60.0,11.67
hp ip xr,60.0,10.0
poco f1,60.0,23.33
salam silver,60.0,0.0
elixir,60.0,6.67
inglot,60.0,6.67
ac murah,60.0,8.33
sendal hush puppies pria,60.0,11.67
rokok listrik,60.0,10.0
m&s,60.0,8.33
3mongkis,60.0,1.67
duraking outdoor & sports,60.0,11.67
tiket masuk taman safari,60.0,5.0
essen,60.0,20.0
cortex,60.0,1.67
misi,60.0,1.67
paseo 250,59.0,16.95
leobog,59.0,15.25
toys kingdom,59.0,13.56
garlic,59.0,20.34
hs slim,59.0,20.34
wsken,59.0,5.08
jd.id,59.0,0.0
rokok just,59.0,13.56
555,59.0,13.56
scotch,59.0,23.73
gizmo,59.0,1.69
bns,59.0,16.95
koala,59.0,5.08
tas korea,59.0,16.95
kampas rem,59.0,15.25
games,59.0,15.25
hippo official,59.0,18.64
yeti,59.0,1.69
top up game,59.0,13.56
hd9100,59.0,23.73
voucher shopee,59.0,1.69
baju cowo,59.0,23.73
my fruit,59.0,23.73
ex display,59.0,15.25
kartu kredit blibli,59.0,6.78
birken,59.0,6.78
kitchen,59.0,20.34
khongguan,59.0,22.03
maison,59.0,5.08
vivo-y19,59.0,23.73
printer epson l360,59.0,11.86
samsung galaxy z flip 5 second,59.0,10.17
stayhoops,59.0,20.34
ip 8,59.0,5.08
tome ame,59.0,20.34
tiket ocean park,59.0,20.34
suryaku,59.0,23.73
claude,59.0,20.34
kartikasari,59.0,18.64
ace,59.0,10.17
base layer pria,59.0,13.56
smoke,59.0,3.39
comfee,59.0,3.39
geox,59.0,13.56
hamer,59.0,3.39
nitril,59.0,0.0
vivo 1904,59.0,23.73
nobile,59.0,15.25
oppo a74 5g,59.0,18.64
pepsodent 225 gr isi 2,59.0,22.03
cozyclub,59.0,1.69
vape pods,59.0,18.64
lcd infinix hot 10,59.0,20.34
e reader,59.0,20.34
puff,59.0,8.47
saloka,58.0,0.0
nicotine,58.0,22.41
greeney,58.0,0.0
samsung bekas,58.0,22.41
mks,58.0,5.17
iphone 13mini,58.0,6.9
rokok merah,58.0,20.69
infinix note 10,58.0,17.24
koper tumi,58.0,15.52
x5,58.0,3.45
oem,58.0,3.45
charger iphone ori,58.0,3.45
mouse apple,58.0,12.07
marry jane,58.0,8.62
kertas buffalo 1 pack,58.0,18.97
voltage stabilizer,58.0,0.0
salomo,58.0,3.45
fortune medan,58.0,5.17
za,58.0,10.34
96_sneakers,58.0,5.17
iphone11 ibox,58.0,10.34
rokok manchester red,58.0,15.52
chips higgs domino 1 b,58.0,3.45
px,58.0,3.45
toezone,58.0,8.62
true religion,58.0,1.72
trade,58.0,5.17
lexon,58.0,8.62
battle of toys,58.0,3.45
miniatur,58.0,15.52
shock kyb,58.0,20.69
fapor,58.0,15.52
tas ransel reebok,58.0,24.14
kidzania,58.0,6.9
samsung galaxy note 10 plus second,58.0,24.14
heater,58.0,6.9
hero,58.0,6.9
viromax,58.0,1.72
wine minuman,58.0,13.79
dazzle,58.0,15.52
baju pantai wanita,58.0,18.97
elidel pimecrolimus,58.0,20.69
google home,58.0,22.41
milan,58.0,6.9
gosok,58.0,0.0
adora,58.0,6.9
rokok sempurna,58.0,10.34
dekorasi kamar,58.0,22.41
efootball,58.0,10.34
gentamicin salep,58.0,24.14
immersive tech,58.0,20.69
tropicana slim minyak,58.0,15.52
samsung m16,58.0,13.79
separu,58.0,18.97
raptor,58.0,5.17
tomat merah 1 kg,58.0,13.79
kelamin,58.0,1.72
outfit,58.0,5.17
teka,58.0,12.07
mgee,58.0,17.24
coconut island,58.0,17.24
alat linting rokok manual,58.0,17.24
retro,58.0,15.52
nox shoes,58.0,18.97
fokus nusantara,58.0,10.34
tira smart family home & living,58.0,24.14
samsung a7 lite,57.0,24.56
helm ltd,57.0,22.81
prep,57.0,8.77
ess,57.0,3.51
oppo  sbs,57.0,1.75
vimax oil blue wizard obat perangsang wanita [cair],57.0,3.51
crunchyroll,57.0,21.05
drx,57.0,7.02
maybelline vinyl ink,57.0,21.05
kertas buffalo,57.0,24.56
jersey venezia,57.0,12.28
rounn,57.0,3.51
nubia red magic 8 s pro,57.0,10.53
samsung s11,57.0,22.81
syal,57.0,22.81
on cloud eclipse,57.0,22.81
kindle scribe,57.0,14.04
persib official store,57.0,7.02
euthyrox 100,57.0,22.81
rabbit,57.0,5.26
penatu,57.0,0.0
honda all new vario 150 esp cbs iss sepeda motor,57.0,8.77
tiau,57.0,0.0
iphon3,57.0,24.56
prohiper 10 mg,57.0,15.79
pastel,57.0,17.54
infinix-hot-40-pro-5-g,57.0,24.56
liquid vape saltnic,57.0,22.81
last change,57.0,10.53
hp oppo a53,57.0,24.56
samsung intel,57.0,10.53
arcade,57.0,10.53
parfum louis vuitton,57.0,24.56
singapore,57.0,22.81
antan,57.0,0.0
dompet wanita coach,57.0,10.53
kokona,57.0,10.53
dvn,57.0,1.75
amanda,57.0,12.28
iphone 25,57.0,3.51
toms,57.0,3.51
croc,57.0,24.56
kandang ayam galvanis,57.0,15.79
huawei authorized official store,57.0,10.53
cialis 20 mg original,57.0,8.77
hp lenovo,57.0,22.81
samsung a7 2018,57.0,24.56
samsung a27,57.0,0.0
taffsport,57.0,15.79
ipods,57.0,10.53
bupropion,57.0,12.28
simplus official,57.0,10.53
erazer,57.0,0.0
busi,57.0,24.56
pita,57.0,21.05
batre laptop acer,57.0,17.54
alprazolam tab 1 mg,57.0,21.05
sepatu homyped,57.0,17.54
pulse,57.0,5.26
chamber monolite,57.0,22.81
pod oxva xlim pro,57.0,22.81
baju perempuan,57.0,24.56
tempflask,57.0,0.0
halodoc,57.0,7.02
jendela,57.0,17.54
samsunf,57.0,12.28
im part,57.0,1.75
netac,57.0,21.05
tas mini,57.0,17.54
apple magsafe charger,57.0,14.04
volvo,57.0,19.3
ultra sakti official store,57.0,17.54
promo melissa megan,57.0,1.75
velk vnd,57.0,21.05
sticker motor,57.0,24.56
yamaha rx king,57.0,19.3
rapa tech,57.0,12.28
realme 9 pro 5g,57.0,22.81
just buy,57.0,5.26
kelapa,57.0,24.56
supergadget,57.0,1.75
box speaker,57.0,21.05
apotik kota batu,57.0,5.26
pala,57.0,15.79
sepatu macbeth,57.0,1.75
isi ulang pulsa indosat,57.0,24.56
coklat perangsang,56.0,16.07
hongkong polos,56.0,10.71
mod single batre,56.0,19.64
parabellum,56.0,5.36
guess tas,56.0,23.21
rokok nation,56.0,23.21
rokok la bold 20,56.0,16.07
instax wide plain,56.0,1.79
piala,56.0,23.21
new balance toddler,56.0,12.5
matahari game,56.0,16.07
realme 5,56.0,8.93
samsung s7,56.0,16.07
rokok menara,56.0,1.79
arak orang tua,56.0,23.21
adidas ax4,56.0,16.07
erogan,56.0,17.86
internet starlink,56.0,23.21
the north face bag,56.0,17.86
dodgers,56.0,23.21
notepad,56.0,8.93
card,56.0,17.86
inter,56.0,8.93
rokok filter black isi,56.0,1.79
madam gie,56.0,14.29
serba seribu,56.0,5.36
servo,56.0,10.71
sania medan,56.0,17.86
airpods 2 pro,56.0,10.71
octalink,56.0,0.0
custom,56.0,19.64
baju atasan,56.0,8.93
jual hp,56.0,10.71
sepatu black,56.0,16.07
ecommurz,56.0,3.57
duraking outdoor & sports official store,56.0,7.14
rc motogarage,56.0,10.71
lenovo official,56.0,19.64
tabung scuba pcp,56.0,19.64
minyak curah,56.0,23.21
gopix 7,56.0,14.29
resin,56.0,14.29
shopeepay,56.0,0.0
air rifle,56.0,12.5
mclewis,56.0,21.43
table,56.0,21.43
figma,56.0,23.21
sofa bed informa,56.0,23.21
bamboo,56.0,12.5
rokok-surya,56.0,23.21
holigans,56.0,14.29
sharetreat,56.0,0.0
ic,56.0,21.43
mercedes f1,56.0,14.29
sony official store,56.0,17.86
pro design,56.0,23.21
cable,56.0,14.29
tv digital dibawah 1 juta,56.0,17.86
reebox,56.0,23.21
vomero premium,56.0,12.5
aegis boost,56.0,19.64
dana tunai,56.0,7.14
iphone 16 peo,56.0,21.43
turbo,56.0,14.29
roti o,56.0,0.0
iphone se 2020,56.0,10.71
m3,56.0,3.57
lcd touchscreen mi,56.0,14.29
kuas roll,56.0,23.21
adelle,56.0,14.29
gantun,56.0,10.71
win filter 20,56.0,14.29
benneton,56.0,5.36
tracker,56.0,16.07
rokok tray,56.0,8.93
iphone 17 basic,56.0,5.36
corsair,56.0,7.14
shotgun,56.0,3.57
all in one,56.0,10.71
gico,56.0,8.93
nije,56.0,10.71
mountero,56.0,3.57
pompa elektrik,56.0,17.86
xiaomi mix fold 4,56.0,3.57
i phone second,56.0,12.5
vintage,56.0,17.86
miles,56.0,0.0
laku6,55.0,5.45
body oil,55.0,18.18
sigma,55.0,14.55
bandar-colok,55.0,1.82
sandal zandilac,55.0,18.18
the originote lip serum,55.0,23.64
mercury,55.0,3.64
hypermart tole iskandar,55.0,20.0
steroid,55.0,16.36
channa,55.0,12.73
sepatu prada,55.0,9.09
parfum pwd,55.0,1.82
seventeen,55.0,5.45
hp fold,55.0,20.0
iu,55.0,0.0
brooks official store,55.0,23.64
terminal game,55.0,20.0
hp elitebook 840,55.0,18.18
babyoz,55.0,0.0
rokok black scorpion,55.0,23.64
lego backpack,55.0,20.0
ipads gen 10,55.0,21.82
kepala vape,55.0,16.36
beras si pulen,55.0,21.82
xiaomi mix flip,55.0,1.82
aspire,55.0,18.18
cressida,55.0,12.73
crack,55.0,3.64
kleenex termurah,55.0,3.64
mbako,55.0,9.09
cans,55.0,0.0
iqoo z10x,55.0,12.73
comb,55.0,7.27
bango 1000 gr,55.0,21.82
sochialchic,55.0,0.0
airpods pro gen 1,55.0,16.36
liquid salt nic 15ml,55.0,23.64
hp murah cuci gudang,55.0,14.55
nike shock,55.0,7.27
hp iphone 17,55.0,9.09
sam,55.0,1.82
rokok-bull,55.0,23.64
liquit foom,55.0,23.64
glughava,55.0,1.82
hypertmart,55.0,10.91
glowglowing,55.0,10.91
inner,55.0,12.73
vafe,55.0,7.27
promo susu ensure,55.0,1.82
parfum velixir,55.0,20.0
topgra,55.0,5.45
nvidia rtx,55.0,16.36
keda,55.0,3.64
pfizer,55.0,10.91
13 mini,55.0,23.64
piringan cakram,55.0,21.82
lightstick nct,55.0,18.18
la-bold-20,55.0,9.09
marks n spencer,55.0,16.36
luka,55.0,9.09
fod,55.0,1.82
moist,55.0,16.36
hexymer 2 trihexyphenidyl hcl,55.0,21.82
lee,55.0,3.64
barang bekas,55.0,9.09
velg motor,55.0,20.0
schneider,55.0,16.36
pembersih lidah bayi,55.0,20.0
pixel watch,55.0,18.18
ak 47,55.0,16.36
nokia 2720,55.0,12.73
cartridge foam,55.0,7.27
serba 1000,55.0,10.91
ativan tablet 2 mg,55.0,9.09
honda e,55.0,3.64
h mild,54.0,18.52
case ipad gen 10,54.0,20.37
brook,54.0,9.26
kimia farma,54.0,9.26
esse change grape,54.0,24.07
koi,54.0,24.07
xiaomi poco x8 pro 8 256,54.0,24.07
vinci x,54.0,20.37
carbon,54.0,7.41
lcd iphone,54.0,3.7
salep dictamni,54.0,9.26
dream,54.0,0.0
furycube,54.0,20.37
massimo dutti,54.0,18.52
tong garden,54.0,20.37
coklat dewasa,54.0,0.0
pulsa xl,54.0,14.81
pakan ayam petelur 50 kg,54.0,24.07
hk,54.0,1.85
nd filter,54.0,1.85
boya,54.0,24.07
kertas a4 1 rim,54.0,20.37
dearme,54.0,16.67
tarik saldo,54.0,0.0
tv lg 42 inch,54.0,14.81
mesin printer,54.0,22.22
permen akiyo,54.0,3.7
tv samsung 65 inch,54.0,24.07
magnum mild,54.0,11.11
core i7,54.0,0.0
diamod,54.0,1.85
catride,54.0,5.56
arkais flagship store,54.0,22.22
dido toy silicon,54.0,22.22
mirai,54.0,7.41
case nothing phone 3 a / 3 a pro (5 g) nillkin frosted pro magnetic magsafe casing,54.0,18.52
filter udara,54.0,14.81
dekarel,54.0,20.37
sepatu file,54.0,18.52
mercy,54.0,14.81
dalil putih,54.0,22.22
kasogi,54.0,9.26
vespa sprint 150 putih,54.0,24.07
mola,54.0,9.26
jepitan,54.0,11.11
xiaomi fold,54.0,22.22
peti tumbler,54.0,16.67
pads vape,54.0,1.85
samsung galaxy book pro,54.0,20.37
vape liquid,54.0,16.67
ayam brand,54.0,14.81
catrige,54.0,5.56
kawat,54.0,18.52
hazle,54.0,9.26
hijau,54.0,5.56
busa,54.0,18.52
mks shoes,54.0,3.7
battlax,54.0,24.07
honor fold,54.0,16.67
iphone 12 pro ibox,54.0,24.07
fujishopidbali,54.0,0.0
jam tangan casio g shock,54.0,24.07
kawasaki z900,54.0,1.85
alat motor,53.0,20.75
baumbai,53.0,0.0
12 pro,53.0,3.77
gerobak,53.0,16.98
minyak zippo,53.0,15.09
surakarta,53.0,13.21
dhaulagiri,53.0,24.53
hcl,53.0,24.53
l carnitine,53.0,24.53
kenwood,53.0,15.09
hp-1-jutaan,53.0,18.87
fragrance,53.0,20.75
rokok la ungu,53.0,22.64
gentamicin sulfate,53.0,13.21
ram 16 gb,53.0,24.53
ponds vase,53.0,5.66
glasses,53.0,22.64
uma,53.0,9.43
xiomi 17 pro,53.0,11.32
rokok mami,53.0,11.32
pads,53.0,1.89
selusa,53.0,0.0
postinor-2-tanpa-resep,53.0,9.43
vivi nici,53.0,7.55
adaptor z,53.0,0.0
wannafit,53.0,22.64
iphone 14promax,53.0,20.75
tas kipling wanita,53.0,16.98
ff,53.0,16.98
obat alprazolam,53.0,3.77
propan 25 kg,53.0,16.98
adobe,53.0,5.66
jorts,53.0,24.53
dkny,53.0,13.21
ria miranda official,53.0,3.77
vaping,53.0,16.98
darmawan,53.0,0.0
box file,53.0,16.98
seis,53.0,20.75
vape rokok,53.0,3.77
specs sepatu futsal,53.0,24.53
onetwofit,53.0,15.09
lynnstore77,53.0,20.75
vnc,53.0,5.66
monster xkt08,53.0,22.64
andrew,53.0,22.64
kacamata moscot,53.0,20.75
kitar,53.0,3.77
gbbr,53.0,13.21
helium,53.0,9.43
baseus official store,53.0,22.64
coc,53.0,5.66
mentega 1 kg,53.0,11.32
sandal wanita flipflop,53.0,22.64
sepeda bekas,53.0,18.87
realme c17,53.0,20.75
persebaya,53.0,20.75
pipa filter rokok,53.0,24.53
tcl flagship store,53.0,13.21
tira smart family home & living flagship store,53.0,11.32
oral b mouthwash,53.0,18.87
sukabumi,53.0,22.64
obat rifampicin,53.0,18.87
alfrazolam,53.0,13.21
blackberry priv,53.0,1.89
cleaner,53.0,9.43
iphone xs max second,53.0,3.77
atasan pria,53.0,15.09
ac midea 1 2 pk,53.0,15.09
ipad 16,53.0,24.53
hagendaz,53.0,20.75
rtx 2060 super,53.0,24.53
japfa food flagship store,53.0,9.43
dunhil,52.0,17.31
tan,52.0,5.77
rokok cengkeh,52.0,23.08
setelan,52.0,13.46
promed,52.0,3.85
surgaku,52.0,1.92
on cloud 6 waterproof,52.0,0.0
giorgio armani,52.0,19.23
bostanten official,52.0,5.77
green,52.0,7.69
iphone xr inter,52.0,7.69
drama box premium,52.0,15.38
total buah,52.0,21.15
tikus,52.0,19.23
aqua 600 ml dus,52.0,15.38
water,52.0,23.08
nime,52.0,3.85
h&n,52.0,11.54
venus wtc,52.0,5.77
sharp mini,52.0,1.92
miband 10,52.0,21.15
fg troches,52.0,21.15
era 2000 official store,52.0,0.0
samsing,52.0,5.77
the bodyshop,52.0,13.46
isi ulang pulsa xl,52.0,9.62
beurer,52.0,21.15
rokok fresh grape,52.0,13.46
guard,52.0,3.85
mg,52.0,9.62
analsik metamizole,52.0,23.08
kartu kredit bca,52.0,3.85
creamer bubuk,52.0,21.15
pintu kamar,52.0,21.15
rokok gudang garam signature 1 bungkus,52.0,13.46
bl,52.0,5.77
bayclin 4 liter,52.0,23.08
blibli official,52.0,13.46
perabotan rumah,52.0,23.08
infinix flip,52.0,3.85
manchaster,52.0,5.77
hobby japan,52.0,23.08
tmd,52.0,1.92
taco,52.0,13.46
oppo 5 jutaan,52.0,23.08
ular,52.0,11.54
jarum super,52.0,13.46
bako rasa,52.0,23.08
mucos,52.0,21.15
novilla,52.0,0.0
myhartono,52.0,23.08
rajut,52.0,23.08
ssd iphone,52.0,0.0
sinar mulia,52.0,1.92
trans studio cibubur,52.0,1.92
gudang garam surya 16 rokok [1 slop/10 bungkus],52.0,0.0
alfamidi flagship store,52.0,11.54
clau store,52.0,13.46
sepeda olahraga,52.0,23.08
opp,52.0,7.69
tira jeans,52.0,11.54
hp cuci gudang murah,52.0,23.08
sanmag,52.0,13.46
hams,52.0,0.0
sparepart hp samsung,52.0,7.69
cloudmoney,52.0,21.15
chip,52.0,9.62
soft gun,52.0,17.31
paypal,52.0,9.62
bambu,52.0,7.69
popor uklik,52.0,23.08
tap,52.0,7.69
gula 500gr,52.0,7.69
intikom official store,52.0,3.85
baterai iphone,52.0,13.46
linea,52.0,7.69
neveres,52.0,9.62
rp 1,52.0,21.15
raize,52.0,19.23
sepatu nevada,52.0,11.54
promil,52.0,21.15
posee,52.0,0.0
silde,52.0,23.08
hewan,52.0,1.92
motorola flagship store,52.0,13.46
frame,52.0,11.54
tranexamic acid,52.0,17.31
kamiidea,52.0,9.62
pocari sweet run,52.0,9.62
sepatu fladeo,51.0,9.8
m4 pro,51.0,15.69
lrp,51.0,1.96
bli2 seller,51.0,0.0
smeg blender,51.0,23.53
snikers,51.0,3.92
tv tcl 32 inci,51.0,23.53
vivo x200 fe,51.0,3.92
vivo v40 pro,51.0,19.61
chimory,51.0,17.65
babyzania,51.0,7.84
yeos,51.0,23.53
aksesoris hp,51.0,19.61
sosialchic,51.0,0.0
easy sunday,51.0,1.96
produk kretek sampoerna,51.0,23.53
lock and lock one piece,51.0,1.96
dekarel popcorn,51.0,15.69
pcp benjamin,51.0,17.65
handriver,51.0,17.65
rokok murah 1,51.0,0.0
betadine 15 ml,51.0,17.65
club,51.0,17.65
samsung flagship,51.0,23.53
pepsodent isi 2,51.0,11.76
toko kosmetik,51.0,21.57
movie,51.0,5.88
denso,51.0,9.8
lofree,51.0,1.96
ecco,51.0,7.84
alat rokok,51.0,23.53
jetzt,51.0,3.92
asicd,51.0,0.0
gregory,51.0,11.76
hikmat,51.0,3.92
infinix gt 10,51.0,13.73
rokok luar,51.0,15.69
liquid fruity,51.0,23.53
velg ring 14,51.0,19.61
pubg,51.0,19.61
market rokok,51.0,3.92
crop,51.0,23.53
azura,51.0,1.96
1more,51.0,9.8
be bob,51.0,1.96
oppo x9,51.0,21.57
7800,51.0,3.92
axa,51.0,7.84
75 mg,51.0,13.73
tukar tambah iphone 15 pro,51.0,21.57
joglo semar,51.0,13.73
gulaku premium 1 kg,51.0,5.88
sepatu boxing,51.0,19.61
cone,51.0,17.65
popper brush,51.0,0.0
warpath,51.0,1.96
hose,51.0,5.88
pashion,51.0,5.88
malibu,51.0,13.73
brukat,51.0,9.8
nikotin,51.0,19.61
pood vape,51.0,11.76
aio v2,51.0,11.76
huawei p40,51.0,19.61
iphone 3,51.0,19.61
bellfoods nugget,51.0,13.73
baby zania,51.0,11.76
obat dumolid,51.0,13.73
geekom,51.0,0.0
1 diamond game ml,51.0,11.76
kipas angin murah,51.0,3.92
mandom,51.0,19.61
gas-60045,51.0,15.69
phillip,51.0,23.53
megavision,51.0,0.0
asahi,51.0,13.73
tiket taman safari,51.0,7.84
ncy,51.0,0.0
oxv,51.0,7.84
mini cooper,51.0,21.57
crank sepeda,51.0,23.53
pendidikan,51.0,0.0
vaporizer,51.0,21.57
obat diazepam,51.0,9.8
google pixel 7a,51.0,1.96
rokok latte,51.0,13.73
rodalink,51.0,13.73
